insert into address (id, city, state, street1, street2, zip) values (1, 'Amarillo', 'TX', '983 Kipling Alley', 'Stuart', '79176');
insert into address (id, city, state, street1, street2, zip) values (2, 'Roanoke', 'VA', '171 Crescent Oaks Hill', 'Express', '24014');
insert into address (id, city, state, street1, street2, zip) values (3, 'Odessa', 'TX', '1 Tennessee Parkway', 'Sloan', '79769');
insert into address (id, city, state, street1, street2, zip) values (4, 'Orlando', 'FL', '343 Hoard Hill', 'Holmberg', '32813');
insert into address (id, city, state, street1, street2, zip) values (5, 'Washington', 'DC', '6 Banding Center', 'Sugar', '20231');
insert into address (id, city, state, street1, street2, zip) values (6, 'Lafayette', 'LA', '953 Ridgeview Terrace', 'Chive', '70593');
insert into address (id, city, state, street1, street2, zip) values (7, 'Milwaukee', 'WI', '55855 Stoughton Way', 'Sugar', '53215');
insert into address (id, city, state, street1, street2, zip) values (8, 'Austin', 'TX', '425 Esch Parkway', 'Truax', '78721');
insert into address (id, city, state, street1, street2, zip) values (9, 'Saint Louis', 'MO', '69 Petterle Drive', 'Clemons', '63143');
insert into address (id, city, state, street1, street2, zip) values (10, 'Jamaica', 'NY', '97097 Summer Ridge Alley', 'Stone Corner', '11436');
insert into address (id, city, state, street1, street2, zip) values (11, 'Chicago', 'IL', '39 Dorton Court', 'Talisman', '60646');
insert into address (id, city, state, street1, street2, zip) values (12, 'Kansas City', 'MO', '21 Del Mar Point', 'Talmadge', '64179');
insert into address (id, city, state, street1, street2, zip) values (13, 'El Paso', 'TX', '51372 Schiller Point', 'Del Mar', '88553');
insert into address (id, city, state, street1, street2, zip) values (14, 'Minneapolis', 'MN', '26164 Namekagon Lane', 'North', '55480');
insert into address (id, city, state, street1, street2, zip) values (15, 'Houston', 'TX', '945 Merrick Hill', 'Melrose', '77090');
insert into address (id, city, state, street1, street2, zip) values (16, 'Delray Beach', 'FL', '28 Utah Road', 'Lillian', '33448');
insert into address (id, city, state, street1, street2, zip) values (17, 'Huntington', 'WV', '6 Hanover Lane', 'Stuart', '25775');
insert into address (id, city, state, street1, street2, zip) values (18, 'Waco', 'TX', '720 Old Gate Hill', 'Eastwood', '76796');
insert into address (id, city, state, street1, street2, zip) values (19, 'Huntsville', 'AL', '2 Prairieview Trail', 'Crescent Oaks', '35895');
insert into address (id, city, state, street1, street2, zip) values (20, 'Indianapolis', 'IN', '353 Hintze Crossing', 'Sunbrook', '46226');
insert into address (id, city, state, street1, street2, zip) values (21, 'San Antonio', 'TX', '8548 Forest Run Parkway', 'Carberry', '78265');
insert into address (id, city, state, street1, street2, zip) values (22, 'Stamford', 'CT', '097 Northview Avenue', 'Maryland', '06922');
insert into address (id, city, state, street1, street2, zip) values (23, 'Milwaukee', 'WI', '5 Badeau Trail', 'Troy', '53263');
insert into address (id, city, state, street1, street2, zip) values (24, 'Raleigh', 'NC', '021 Russell Street', 'Donald', '27635');
insert into address (id, city, state, street1, street2, zip) values (25, 'Atlanta', 'GA', '80 Merry Trail', 'Towne', '30380');
insert into address (id, city, state, street1, street2, zip) values (26, 'Shreveport', 'LA', '71009 Ruskin Pass', 'Eagan', '71161');
insert into address (id, city, state, street1, street2, zip) values (27, 'Phoenix', 'AZ', '9210 Portage Street', 'Buell', '85053');
insert into address (id, city, state, street1, street2, zip) values (28, 'Louisville', 'KY', '85944 Glendale Center', 'Vermont', '40225');
insert into address (id, city, state, street1, street2, zip) values (29, 'Kansas City', 'KS', '59962 International Road', 'Kinsman', '66105');
insert into address (id, city, state, street1, street2, zip) values (30, 'Albany', 'NY', '7868 Meadow Vale Avenue', 'Garrison', '12262');
insert into address (id, city, state, street1, street2, zip) values (31, 'Nashville', 'TN', '6794 Park Meadow Crossing', 'Magdeline', '37250');
insert into address (id, city, state, street1, street2, zip) values (32, 'Washington', 'DC', '31 Drewry Point', 'Pawling', '20016');
insert into address (id, city, state, street1, street2, zip) values (33, 'Houston', 'TX', '910 Monica Road', 'International', '77085');
insert into address (id, city, state, street1, street2, zip) values (34, 'Tyler', 'TX', '42 Schurz Drive', 'Lawn', '75710');
insert into address (id, city, state, street1, street2, zip) values (35, 'Jacksonville', 'FL', '2714 Nobel Place', 'Saint Paul', '32277');
insert into address (id, city, state, street1, street2, zip) values (36, 'Silver Spring', 'MD', '7 Novick Plaza', 'Artisan', '20910');
insert into address (id, city, state, street1, street2, zip) values (37, 'Savannah', 'GA', '53 Welch Crossing', 'Oriole', '31422');
insert into address (id, city, state, street1, street2, zip) values (38, 'Milwaukee', 'WI', '86 Badeau Way', 'Old Shore', '53210');
insert into address (id, city, state, street1, street2, zip) values (39, 'Bakersfield', 'CA', '11 Redwing Street', 'Kropf', '93399');
insert into address (id, city, state, street1, street2, zip) values (40, 'Amarillo', 'TX', '98 Independence Crossing', 'Birchwood', '79159');
insert into address (id, city, state, street1, street2, zip) values (41, 'Ann Arbor', 'MI', '9344 Sugar Lane', 'Holy Cross', '48107');
insert into address (id, city, state, street1, street2, zip) values (42, 'Jacksonville', 'FL', '57 Kenwood Crossing', 'Gerald', '32236');
insert into address (id, city, state, street1, street2, zip) values (43, 'Alexandria', 'VA', '526 Prairie Rose Trail', 'West', '22313');
insert into address (id, city, state, street1, street2, zip) values (44, 'Los Angeles', 'CA', '1 Nova Junction', 'Victoria', '90081');
insert into address (id, city, state, street1, street2, zip) values (45, 'New Orleans', 'LA', '2713 Kinsman Pass', 'Mesta', '70160');
insert into address (id, city, state, street1, street2, zip) values (46, 'Little Rock', 'AR', '232 Burning Wood Street', 'Main', '72204');
insert into address (id, city, state, street1, street2, zip) values (47, 'Denver', 'CO', '0193 Anhalt Pass', 'Forest', '80228');
insert into address (id, city, state, street1, street2, zip) values (48, 'Oklahoma City', 'OK', '678 Straubel Court', 'North', '73197');
insert into address (id, city, state, street1, street2, zip) values (49, 'Springfield', 'IL', '718 Maple Wood Circle', 'Johnson', '62705');
insert into address (id, city, state, street1, street2, zip) values (50, 'Pasadena', 'CA', '2 Bayside Plaza', 'Artisan', '91125');
insert into address (id, city, state, street1, street2, zip) values (51, 'Chicago', 'IL', '5 Delaware Crossing', 'Sutherland', '60646');
insert into address (id, city, state, street1, street2, zip) values (52, 'Dayton', 'OH', '525 Nova Street', 'David', '45419');
insert into address (id, city, state, street1, street2, zip) values (53, 'Kansas City', 'MO', '0 Arkansas Center', 'Crownhardt', '64160');
insert into address (id, city, state, street1, street2, zip) values (54, 'Sterling', 'VA', '8 Kings Park', 'Golf Course', '20167');
insert into address (id, city, state, street1, street2, zip) values (55, 'Brooklyn', 'NY', '6 Green Ridge Alley', 'Rigney', '11215');
insert into address (id, city, state, street1, street2, zip) values (56, 'Canton', 'OH', '36 Sachs Way', 'Bonner', '44760');
insert into address (id, city, state, street1, street2, zip) values (57, 'Charleston', 'WV', '86 Mcguire Park', 'Forest', '25321');
insert into address (id, city, state, street1, street2, zip) values (58, 'Pittsburgh', 'PA', '9358 Alpine Trail', 'Valley Edge', '15266');
insert into address (id, city, state, street1, street2, zip) values (59, 'Jacksonville', 'FL', '537 Donald Crossing', 'Basil', '32215');
insert into address (id, city, state, street1, street2, zip) values (60, 'Macon', 'GA', '907 Bayside Junction', 'Pankratz', '31210');
insert into address (id, city, state, street1, street2, zip) values (61, 'Corona', 'CA', '4 Weeping Birch Court', 'Bartelt', '92878');
insert into address (id, city, state, street1, street2, zip) values (62, 'Richmond', 'VA', '19706 Bellgrove Center', 'Armistice', '23272');
insert into address (id, city, state, street1, street2, zip) values (63, 'Akron', 'OH', '46699 Ridgeway Parkway', 'Hagan', '44321');
insert into address (id, city, state, street1, street2, zip) values (64, 'Dayton', 'OH', '6215 Sage Street', 'Ramsey', '45432');
insert into address (id, city, state, street1, street2, zip) values (65, 'Fredericksburg', 'VA', '1687 American Ash Court', 'Gerald', '22405');
insert into address (id, city, state, street1, street2, zip) values (66, 'Washington', 'DC', '782 Mayfield Terrace', 'Sage', '20029');
insert into address (id, city, state, street1, street2, zip) values (67, 'Fresno', 'CA', '13945 Petterle Center', 'Hallows', '93750');
insert into address (id, city, state, street1, street2, zip) values (68, 'Boston', 'MA', '6282 Darwin Drive', 'Gerald', '02208');
insert into address (id, city, state, street1, street2, zip) values (69, 'Rochester', 'NY', '37194 Pierstorff Center', 'Rutledge', '14652');
insert into address (id, city, state, street1, street2, zip) values (70, 'Washington', 'DC', '9439 Grasskamp Circle', 'Sommers', '20238');
insert into address (id, city, state, street1, street2, zip) values (71, 'Harrisburg', 'PA', '7 Montana Plaza', 'Village Green', '17121');
insert into address (id, city, state, street1, street2, zip) values (72, 'Troy', 'MI', '682 Golf View Terrace', 'Kinsman', '48098');
insert into address (id, city, state, street1, street2, zip) values (73, 'Winston Salem', 'NC', '148 Gulseth Parkway', 'Toban', '27110');
insert into address (id, city, state, street1, street2, zip) values (74, 'Lansing', 'MI', '32922 Commercial Way', 'Pankratz', '48919');
insert into address (id, city, state, street1, street2, zip) values (75, 'Corpus Christi', 'TX', '30062 Schurz Pass', 'Tennyson', '78470');
insert into users (id, bio, email, first_name, last_name, middle_name, nick_name, tumblr, address_id) values (1, 'donec odio justo sollicitudin ut suscipit a feugiat et eros vestibulum ac est lacinia', 'sreed0@mtv.com', 'Shirley', 'Reed', null, 'TAZTIA', null, 1);
insert into users (id, bio, email, first_name, last_name, middle_name, nick_name, tumblr, address_id) values (2, 'odio condimentum id luctus nec molestie sed justo pellentesque viverra pede ac diam cras pellentesque volutpat dui maecenas', 'tprice1@godaddy.com', 'Teresa', 'Price', null, 'Theophylline', null, 2);
insert into users (id, bio, email, first_name, last_name, middle_name, nick_name, tumblr, address_id) values (3, 'neque aenean auctor gravida sem praesent id massa id nisl venenatis lacinia aenean sit amet justo morbi ut odio', 'nmoore2@state.gov', 'Norma', 'Moore', null, 'SENSORCAINE', null, 3);
insert into users (id, bio, email, first_name, last_name, middle_name, nick_name, tumblr, address_id) values (4, 'eget eleifend luctus ultricies eu nibh quisque id justo sit amet', 'gdaniels3@umn.edu', 'George', 'Daniels', null, 'Promethazine Hydrochloride', null, 4);
insert into users (id, bio, email, first_name, last_name, middle_name, nick_name, tumblr, address_id) values (5, 'vulputate vitae nisl aenean lectus pellentesque eget nunc donec quis orci eget orci vehicula condimentum', 'jreyes4@simplemachines.org', 'Jonathan', 'Reyes', null, 'Mucinex', null, 5);
insert into users (id, bio, email, first_name, last_name, middle_name, nick_name, tumblr, address_id) values (6, 'curabitur in libero ut massa volutpat convallis morbi odio odio elementum eu interdum', 'mstewart5@github.io', 'Margaret', 'Stewart', null, 'sunmark stomach relief', null, 6);
insert into users (id, bio, email, first_name, last_name, middle_name, nick_name, tumblr, address_id) values (7, 'pellentesque quisque porta volutpat erat quisque erat eros viverra eget congue eget', 'jfields6@opensource.org', 'Julia', 'Fields', null, 'Naproxen', null, 7);
insert into users (id, bio, email, first_name, last_name, middle_name, nick_name, tumblr, address_id) values (8, 'ultrices vel augue vestibulum ante ipsum primis in faucibus orci', 'pbaker7@redcross.org', 'Patrick', 'Baker', null, 'Furosemide', null, 8);
insert into users (id, bio, email, first_name, last_name, middle_name, nick_name, tumblr, address_id) values (9, 'cras mi pede malesuada in imperdiet et commodo vulputate justo in blandit ultrices enim lorem ipsum dolor sit amet', 'mlynch8@slashdot.org', 'Mildred', 'Lynch', null, 'oxycodone hydrochloride', null, 9);
insert into users (id, bio, email, first_name, last_name, middle_name, nick_name, tumblr, address_id) values (10, 'tellus nisi eu orci mauris lacinia sapien quis libero nullam sit amet turpis elementum ligula vehicula consequat morbi', 'dedwards9@taobao.com', 'Dennis', 'Edwards', null, 'Hum Body Liner', null, 10);
insert into users (id, bio, email, first_name, last_name, middle_name, nick_name, tumblr, address_id) values (11, 'pede venenatis non sodales sed tincidunt eu felis fusce posuere felis sed lacus morbi sem mauris laoreet ut', 'jruiza@dropbox.com', 'Jose', 'Ruiz', null, 'OXYGEN', null, 11);
insert into users (id, bio, email, first_name, last_name, middle_name, nick_name, tumblr, address_id) values (12, 'lectus pellentesque at nulla suspendisse potenti cras in purus eu magna vulputate luctus cum', 'pbrownb@hatena.ne.jp', 'Phillip', 'Brown', null, 'Cephalosporium', null, 12);
insert into users (id, bio, email, first_name, last_name, middle_name, nick_name, tumblr, address_id) values (13, 'est phasellus sit amet erat nulla tempus vivamus in felis eu', 'jfranklinc@businessinsider.com', 'Judith', 'Franklin', null, 'Testosterone Cypionate', null, 13);
insert into users (id, bio, email, first_name, last_name, middle_name, nick_name, tumblr, address_id) values (14, 'erat volutpat in congue etiam justo etiam pretium iaculis justo in hac habitasse', 'dmasond@hibu.com', 'Daniel', 'Mason', null, 'NICORETTE', null, 14);
insert into users (id, bio, email, first_name, last_name, middle_name, nick_name, tumblr, address_id) values (15, 'pellentesque eget nunc donec quis orci eget orci vehicula condimentum curabitur in libero ut massa volutpat', 'gdanielse@businessinsider.com', 'Gary', 'Daniels', null, 'Date', null, 15);
insert into users (id, bio, email, first_name, last_name, middle_name, nick_name, tumblr, address_id) values (16, 'dui maecenas tristique est et tempus semper est quam pharetra magna ac consequat metus', 'achavezf@123-reg.co.uk', 'Annie', 'Chavez', null, 'Darby', null, 16);
insert into users (id, bio, email, first_name, last_name, middle_name, nick_name, tumblr, address_id) values (17, 'primis in faucibus orci luctus et ultrices posuere cubilia curae nulla dapibus dolor vel est donec odio justo', 'lmedinag@wix.com', 'Lawrence', 'Medina', null, 'Home Health Psoriasis Medicated Scalp and Body Wash', null, 17);
insert into users (id, bio, email, first_name, last_name, middle_name, nick_name, tumblr, address_id) values (18, 'turpis donec posuere metus vitae ipsum aliquam non mauris morbi non', 'cwoodh@ovh.net', 'Clarence', 'Wood', null, 'HES CLEAN', null, 18);
insert into users (id, bio, email, first_name, last_name, middle_name, nick_name, tumblr, address_id) values (19, 'nisl duis bibendum felis sed interdum venenatis turpis enim blandit mi in porttitor pede', 'mriverai@ezinearticles.com', 'Martha', 'Rivera', null, 'Personal Care Petroleum', null, 19);
insert into users (id, bio, email, first_name, last_name, middle_name, nick_name, tumblr, address_id) values (20, 'et magnis dis parturient montes nascetur ridiculus mus etiam vel augue vestibulum', 'wfullerj@google.nl', 'Walter', 'Fuller', null, 'Propranolol Hydrochloride', null, 20);
insert into users (id, bio, email, first_name, last_name, middle_name, nick_name, tumblr, address_id) values (21, 'ante ipsum primis in faucibus orci luctus et ultrices posuere cubilia curae mauris viverra diam', 'rmccoyk@51.la', 'Roger', 'Mccoy', null, 'VALACYCLOVIR HYDROCHLORIDE', null, 21);
insert into users (id, bio, email, first_name, last_name, middle_name, nick_name, tumblr, address_id) values (22, 'nec condimentum neque sapien placerat ante nulla justo aliquam quis turpis eget elit sodales scelerisque mauris sit amet eros suspendisse', 'hmedinal@mozilla.com', 'Howard', 'Medina', null, 'RITUALS broad spectrum SPF 15 sunscreen matt finish foundation SHADE 11', null, 22);
insert into users (id, bio, email, first_name, last_name, middle_name, nick_name, tumblr, address_id) values (23, 'sit amet justo morbi ut odio cras mi pede malesuada in imperdiet et commodo', 'thunterm@example.com', 'Terry', 'Hunter', null, 'Synaptol', null, 23);
insert into users (id, bio, email, first_name, last_name, middle_name, nick_name, tumblr, address_id) values (24, 'duis aliquam convallis nunc proin at turpis a pede posuere nonummy integer non velit donec', 'rfishern@wsj.com', 'Ronald', 'Fisher', null, 'Alcare OR Foamed Antiseptic Handrub', null, 24);
insert into users (id, bio, email, first_name, last_name, middle_name, nick_name, tumblr, address_id) values (25, 'aliquam erat volutpat in congue etiam justo etiam pretium iaculis justo in hac habitasse platea dictumst etiam faucibus cursus', 'rwoodso@cnn.com', 'Roger', 'Woods', null, 'Ciprofloxacin', null, 25);
insert into users (id, bio, email, first_name, last_name, middle_name, nick_name, tumblr, address_id) values (26, 'magnis dis parturient montes nascetur ridiculus mus etiam vel augue vestibulum rutrum rutrum neque aenean auctor gravida sem praesent id', 'jscottp@pcworld.com', 'Jason', 'Scott', null, 'Ear Wax Build-Up', null, 26);
insert into users (id, bio, email, first_name, last_name, middle_name, nick_name, tumblr, address_id) values (27, 'nullam varius nulla facilisi cras non velit nec nisi vulputate', 'cwatsonq@ftc.gov', 'Carlos', 'Watson', null, 'Amantadine HCl', null, 27);
insert into users (id, bio, email, first_name, last_name, middle_name, nick_name, tumblr, address_id) values (28, 'a odio in hac habitasse platea dictumst maecenas ut massa quis augue luctus tincidunt', 'akingr@europa.eu', 'Anne', 'King', null, 'Dermadrox', null, 28);
insert into users (id, bio, email, first_name, last_name, middle_name, nick_name, tumblr, address_id) values (29, 'id mauris vulputate elementum nullam varius nulla facilisi cras non velit nec nisi vulputate nonummy maecenas tincidunt lacus', 'jcooks@hud.gov', 'Joyce', 'Cook', null, 'Treatment Set TS339754', null, 29);
insert into users (id, bio, email, first_name, last_name, middle_name, nick_name, tumblr, address_id) values (30, 'in imperdiet et commodo vulputate justo in blandit ultrices enim lorem', 'jgrahamt@behance.net', 'Janice', 'Graham', null, 'Fast Freeze', null, 30);
insert into users (id, bio, email, first_name, last_name, middle_name, nick_name, tumblr, address_id) values (31, 'in purus eu magna vulputate luctus cum sociis natoque penatibus et magnis dis parturient montes nascetur ridiculus mus', 'bfergusonu@yelp.com', 'Brandon', 'Ferguson', null, 'Ciprofloxacin', null, 31);
insert into users (id, bio, email, first_name, last_name, middle_name, nick_name, tumblr, address_id) values (32, 'nibh in hac habitasse platea dictumst aliquam augue quam sollicitudin vitae consectetuer', 'sthompsonv@so-net.ne.jp', 'Sean', 'Thompson', null, 'Atenolol', null, 32);
insert into users (id, bio, email, first_name, last_name, middle_name, nick_name, tumblr, address_id) values (33, 'congue vivamus metus arcu adipiscing molestie hendrerit at vulputate vitae nisl aenean lectus pellentesque eget nunc donec', 'cnicholsw@eventbrite.com', 'Christina', 'Nichols', null, 'Q Tussin DM', null, 33);
insert into users (id, bio, email, first_name, last_name, middle_name, nick_name, tumblr, address_id) values (34, 'imperdiet sapien urna pretium nisl ut volutpat sapien arcu sed augue aliquam erat volutpat in congue etiam justo etiam pretium', 'jsandersx@sciencedaily.com', 'Jeremy', 'Sanders', null, 'Rhizopus', null, 34);
insert into users (id, bio, email, first_name, last_name, middle_name, nick_name, tumblr, address_id) values (35, 'habitasse platea dictumst aliquam augue quam sollicitudin vitae consectetuer eget rutrum', 'ljordany@github.io', 'Lois', 'Jordan', null, 'Acyclovir', null, 35);
insert into users (id, bio, email, first_name, last_name, middle_name, nick_name, tumblr, address_id) values (36, 'semper sapien a libero nam dui proin leo odio porttitor id consequat in consequat', 'grobertsonz@forbes.com', 'Gloria', 'Robertson', null, 'GABAPENTIN', null, 36);
insert into users (id, bio, email, first_name, last_name, middle_name, nick_name, tumblr, address_id) values (37, 'libero non mattis pulvinar nulla pede ullamcorper augue a suscipit nulla elit ac nulla sed', 'cberry10@tinypic.com', 'Cynthia', 'Berry', null, 'LBEL EFFET PARFAIT Spots Reducing Effect Foundation SPF 18 - MEDIUM 5', null, 37);
insert into users (id, bio, email, first_name, last_name, middle_name, nick_name, tumblr, address_id) values (38, 'elit ac nulla sed vel enim sit amet nunc viverra dapibus nulla suscipit ligula in lacus', 'eross11@auda.org.au', 'Emily', 'Ross', null, 'Lysteda', null, 38);
insert into users (id, bio, email, first_name, last_name, middle_name, nick_name, tumblr, address_id) values (39, 'dolor vel est donec odio justo sollicitudin ut suscipit a feugiat et eros', 'mmarshall12@scribd.com', 'Melissa', 'Marshall', null, 'VERELAN', null, 39);
insert into users (id, bio, email, first_name, last_name, middle_name, nick_name, tumblr, address_id) values (40, 'elementum in hac habitasse platea dictumst morbi vestibulum velit id pretium iaculis', 'adunn13@jugem.jp', 'Angela', 'Dunn', null, 'Loratadine and Pseudoephedrine Sulfate', null, 40);
insert into users (id, bio, email, first_name, last_name, middle_name, nick_name, tumblr, address_id) values (41, 'aliquam erat volutpat in congue etiam justo etiam pretium iaculis justo in hac habitasse', 'bgarrett14@cyberchimps.com', 'Brandon', 'Garrett', null, 'Captopril', null, 41);
insert into users (id, bio, email, first_name, last_name, middle_name, nick_name, tumblr, address_id) values (42, 'amet eleifend pede libero quis orci nullam molestie nibh in lectus pellentesque at nulla suspendisse potenti', 'jblack15@bloglines.com', 'Justin', 'Black', null, 'Speed Stick Gear Clean Peak', null, 42);
insert into users (id, bio, email, first_name, last_name, middle_name, nick_name, tumblr, address_id) values (43, 'vel augue vestibulum rutrum rutrum neque aenean auctor gravida sem praesent id massa id nisl venenatis lacinia aenean', 'ffoster16@marriott.com', 'Frances', 'Foster', null, 'Atropine Sulfate', null, 43);
insert into users (id, bio, email, first_name, last_name, middle_name, nick_name, tumblr, address_id) values (44, 'quam nec dui luctus rutrum nulla tellus in sagittis dui vel nisl duis ac nibh', 'jdavis17@live.com', 'Jane', 'Davis', null, 'Axe', null, 44);
insert into users (id, bio, email, first_name, last_name, middle_name, nick_name, tumblr, address_id) values (45, 'suspendisse potenti cras in purus eu magna vulputate luctus cum', 'rparker18@sakura.ne.jp', 'Rebecca', 'Parker', null, 'Ramipril', null, 45);
insert into users (id, bio, email, first_name, last_name, middle_name, nick_name, tumblr, address_id) values (46, 'eleifend quam a odio in hac habitasse platea dictumst maecenas ut', 'dhowell19@sphinn.com', 'Dorothy', 'Howell', null, 'EQUALINE', null, 46);
insert into users (id, bio, email, first_name, last_name, middle_name, nick_name, tumblr, address_id) values (47, 'quis odio consequat varius integer ac leo pellentesque ultrices mattis', 'dgeorge1a@cmu.edu', 'Debra', 'George', null, 'Anticavity Fluoride Rinse', null, 47);
insert into users (id, bio, email, first_name, last_name, middle_name, nick_name, tumblr, address_id) values (48, 'a odio in hac habitasse platea dictumst maecenas ut massa quis augue luctus tincidunt nulla mollis molestie lorem', 'dprice1b@paypal.com', 'Donna', 'Price', null, 'Lyrica', null, 48);
insert into users (id, bio, email, first_name, last_name, middle_name, nick_name, tumblr, address_id) values (49, 'ultrices libero non mattis pulvinar nulla pede ullamcorper augue a suscipit', 'ppeterson1c@yandex.ru', 'Paula', 'Peterson', null, 'Quetiapine fumarate', null, 49);
insert into users (id, bio, email, first_name, last_name, middle_name, nick_name, tumblr, address_id) values (50, 'et commodo vulputate justo in blandit ultrices enim lorem ipsum dolor sit amet', 'sgonzalez1d@house.gov', 'Steven', 'Gonzalez', null, 'Vinorelbine', null, 50);
insert into users (id, bio, email, first_name, last_name, middle_name, nick_name, tumblr, address_id) values (51, 'eros elementum pellentesque quisque porta volutpat erat quisque erat eros viverra eget congue eget semper rutrum nulla nunc purus', 'jgriffin1e@msn.com', 'Janice', 'Griffin', null, 'No7 Protect and Perfect Intense Day Cream Sunscreen Broad Spectrum SPF 15', null, 51);
insert into users (id, bio, email, first_name, last_name, middle_name, nick_name, tumblr, address_id) values (52, 'faucibus cursus urna ut tellus nulla ut erat id mauris vulputate elementum nullam varius nulla', 'jwest1f@nifty.com', 'Janet', 'West', null, 'Hydroxyzine Hydrochloride', null, 52);
insert into users (id, bio, email, first_name, last_name, middle_name, nick_name, tumblr, address_id) values (53, 'molestie hendrerit at vulputate vitae nisl aenean lectus pellentesque eget nunc donec quis orci eget orci vehicula', 'jaustin1g@guardian.co.uk', 'Jessica', 'Austin', null, 'SKILCRAFT Anti-bacterial Wipes', null, 53);
insert into users (id, bio, email, first_name, last_name, middle_name, nick_name, tumblr, address_id) values (54, 'libero nullam sit amet turpis elementum ligula vehicula consequat morbi a ipsum integer a nibh in quis justo maecenas', 'ckelley1h@nifty.com', 'Christine', 'Kelley', null, 'Pacific Garden', null, 54);
insert into users (id, bio, email, first_name, last_name, middle_name, nick_name, tumblr, address_id) values (55, 'pede ullamcorper augue a suscipit nulla elit ac nulla sed vel enim sit amet nunc viverra dapibus nulla', 'bhudson1i@xinhuanet.com', 'Brandon', 'Hudson', null, 'Cotz Sensitive SPF 40', null, 55);
insert into users (id, bio, email, first_name, last_name, middle_name, nick_name, tumblr, address_id) values (56, 'id massa id nisl venenatis lacinia aenean sit amet justo morbi ut odio cras mi pede malesuada', 'tmurray1j@github.com', 'Terry', 'Murray', null, 'Nesacaine', null, 56);
insert into users (id, bio, email, first_name, last_name, middle_name, nick_name, tumblr, address_id) values (57, 'at lorem integer tincidunt ante vel ipsum praesent blandit lacinia erat', 'bstevens1k@scientificamerican.com', 'Brenda', 'Stevens', null, 'Metformin Hydrochloride', null, 57);
insert into users (id, bio, email, first_name, last_name, middle_name, nick_name, tumblr, address_id) values (58, 'tincidunt eget tempus vel pede morbi porttitor lorem id ligula suspendisse ornare consequat lectus in est risus', 'rboyd1l@1688.com', 'Ronald', 'Boyd', null, 'Methyldopa', null, 58);
insert into users (id, bio, email, first_name, last_name, middle_name, nick_name, tumblr, address_id) values (59, 'fermentum donec ut mauris eget massa tempor convallis nulla neque libero convallis eget eleifend luctus ultricies eu nibh quisque id', 'kcarpenter1m@linkedin.com', 'Kimberly', 'Carpenter', null, 'ATOMY BB', null, 59);
insert into users (id, bio, email, first_name, last_name, middle_name, nick_name, tumblr, address_id) values (60, 'at lorem integer tincidunt ante vel ipsum praesent blandit lacinia erat vestibulum sed magna at nunc commodo placerat', 'dgarcia1n@baidu.com', 'Doris', 'Garcia', null, 'Amitiza', null, 60);
insert into users (id, bio, email, first_name, last_name, middle_name, nick_name, tumblr, address_id) values (61, 'vel accumsan tellus nisi eu orci mauris lacinia sapien quis', 'lgarcia1o@list-manage.com', 'Lawrence', 'Garcia', null, 'LETTERS Lavender Hand Sanitizer', null, 61);
insert into users (id, bio, email, first_name, last_name, middle_name, nick_name, tumblr, address_id) values (62, 'nec euismod scelerisque quam turpis adipiscing lorem vitae mattis nibh ligula nec sem duis aliquam convallis nunc proin at turpis', 'cmitchell1p@dot.gov', 'Catherine', 'Mitchell', null, 'Imipramine Hydrochloride', null, 62);
insert into users (id, bio, email, first_name, last_name, middle_name, nick_name, tumblr, address_id) values (63, 'aliquet massa id lobortis convallis tortor risus dapibus augue vel accumsan', 'tfisher1q@slideshare.net', 'Teresa', 'Fisher', null, 'Chinese Elm', null, 63);
insert into users (id, bio, email, first_name, last_name, middle_name, nick_name, tumblr, address_id) values (64, 'molestie sed justo pellentesque viverra pede ac diam cras pellentesque volutpat dui maecenas', 'achavez1r@hao123.com', 'Antonio', 'Chavez', null, 'Enoxaparin Sodium', null, 64);
insert into users (id, bio, email, first_name, last_name, middle_name, nick_name, tumblr, address_id) values (65, 'potenti nullam porttitor lacus at turpis donec posuere metus vitae ipsum aliquam non mauris morbi', 'nmartin1s@chicagotribune.com', 'Nicole', 'Martin', null, 'EQUALINE', null, 65);
insert into users (id, bio, email, first_name, last_name, middle_name, nick_name, tumblr, address_id) values (66, 'turpis integer aliquet massa id lobortis convallis tortor risus dapibus augue vel accumsan', 'bspencer1t@google.nl', 'Brenda', 'Spencer', null, 'nystatin', null, 66);
insert into users (id, bio, email, first_name, last_name, middle_name, nick_name, tumblr, address_id) values (67, 'penatibus et magnis dis parturient montes nascetur ridiculus mus vivamus vestibulum sagittis', 'mboyd1u@networksolutions.com', 'Matthew', 'Boyd', null, 'FENTANYL TRANSDERMAL SYSTEM', null, 67);
insert into users (id, bio, email, first_name, last_name, middle_name, nick_name, tumblr, address_id) values (68, 'id mauris vulputate elementum nullam varius nulla facilisi cras non velit nec nisi vulputate nonummy', 'mwillis1v@cisco.com', 'Margaret', 'Willis', null, 'hydroxyzine pamoate', null, 68);
insert into users (id, bio, email, first_name, last_name, middle_name, nick_name, tumblr, address_id) values (69, 'duis ac nibh fusce lacus purus aliquet at feugiat non pretium quis lectus', 'ebryant1w@alexa.com', 'Edward', 'Bryant', null, 'Schein Triple Antibiotic', null, 69);
insert into users (id, bio, email, first_name, last_name, middle_name, nick_name, tumblr, address_id) values (70, 'neque libero convallis eget eleifend luctus ultricies eu nibh quisque id justo', 'wharper1x@123-reg.co.uk', 'Wayne', 'Harper', null, 'Health Mart Stomach relief', null, 70);
insert into users (id, bio, email, first_name, last_name, middle_name, nick_name, tumblr, address_id) values (71, 'vel nulla eget eros elementum pellentesque quisque porta volutpat erat quisque erat', 'dramos1y@epa.gov', 'Dennis', 'Ramos', null, 'daytime nitetime cold and flu', null, 71);
insert into users (id, bio, email, first_name, last_name, middle_name, nick_name, tumblr, address_id) values (72, 'praesent lectus vestibulum quam sapien varius ut blandit non interdum', 'mperez1z@yolasite.com', 'Matthew', 'Perez', null, 'Venlafaxine', null, 72);
insert into users (id, bio, email, first_name, last_name, middle_name, nick_name, tumblr, address_id) values (73, 'risus dapibus augue vel accumsan tellus nisi eu orci mauris lacinia sapien quis libero nullam sit amet turpis elementum', 'bmatthews20@apache.org', 'Bonnie', 'Matthews', null, 'MG217 Psoriasis', null, 73);
insert into users (id, bio, email, first_name, last_name, middle_name, nick_name, tumblr, address_id) values (74, 'a libero nam dui proin leo odio porttitor id consequat in consequat', 'radams21@sitemeter.com', 'Rose', 'Adams', null, 'ANTI AGE FACE', null, 74);
insert into users (id, bio, email, first_name, last_name, middle_name, nick_name, tumblr, address_id) values (75, 'mi sit amet lobortis sapien sapien non mi integer ac neque duis bibendum morbi non', 'jfisher22@t-online.de', 'John', 'Fisher', null, 'Isopropyl Alcohol', null, 75);
insert into breed (id, name, type_id) values (1, 'Border Collie', 1);
insert into breed (id, name, type_id) values (2, 'German Sheppard', 1);
insert into breed (id, name, type_id) values (3, 'Schnauzer', 1);
insert into breed (id, name, type_id) values (4, 'Calico', 2);
insert into breed (id, name, type_id) values (5, 'Tabby', 2);
insert into breed (id, name, type_id) values (6, 'Sphynx', 2);
insert into breed (id, name, type_id) values (7, 'Appaloosa', 3);
insert into breed (id, name, type_id) values (8, 'Draft', 3);
insert into breed (id, name, type_id) values (9, 'Bearded Dragon', 4);
insert into breed (id, name, type_id) values (10,'Iguana', 4);
insert into breed (id, name, type_id) values (11,'Black Rat', 5);
insert into breed (id, name, type_id) values (12,'Black Mamba', 5);
insert into type (id, name) values (1, 'Dog');
insert into type (id, name) values (2, 'Cat');
insert into type (id, name) values (3, 'Horse');
insert into type (id, name) values (4, 'Lizard');
insert into type (id, name) values (5, 'Snake');
insert into animal (id, adoption_date, age, care_info, gender, name, story, tumblr, weight, breed_id, user_id) values (1, '4/29/2016', 2, 'sagittis nam congue risus semper porta volutpat quam pede lobortis ligula sit amet eleifend', 'Female', 'Judith', 'sapien quis libero nullam sit amet turpis elementum ligula vehicula consequat morbi a ipsum integer a nibh', 'http://stumbleupon.com/habitasse.jpg?magna=tincidunt&vestibulum=eu&aliquet=felis&ultrices=fusce&erat=posuere&tortor=felis&sollicitudin=sed&mi=lacus&sit=morbi&amet=sem&lobortis=mauris&sapien=laoreet&sapien=ut&non=rhoncus&mi=aliquet&integer=pulvinar&ac=sed&neque=nisl&duis=nunc&bibendum=rhoncus&morbi=dui&non=vel&quam=sem&nec=sed&dui=sagittis&luctus=nam&rutrum=congue&nulla=risus&tellus=semper&in=porta&sagittis=volutpat&dui=quam&vel=pede&nisl=lobortis&duis=ligula&ac=sit&nibh=amet&fusce=eleifend&lacus=pede&purus=libero&aliquet=quis&at=orci&feugiat=nullam&non=molestie&pretium=nibh&quis=in&lectus=lectus&suspendisse=pellentesque&potenti=at&in=nulla&eleifend=suspendisse&quam=potenti&a=cras&odio=in&in=purus&hac=eu&habitasse=magna&platea=vulputate&dictumst=luctus&maecenas=cum&ut=sociis&massa=natoque&quis=penatibus', 29, 1, 67);
insert into animal (id, adoption_date, age, care_info, gender, name, story, tumblr, weight, breed_id, user_id) values (2, '7/29/2016', 2, 'convallis duis consequat dui nec nisi volutpat eleifend donec ut dolor morbi vel lectus in quam fringilla rhoncus mauris', 'Male', 'Shawn', 'libero rutrum ac lobortis vel dapibus at diam nam tristique tortor eu', 'https://geocities.com/imperdiet/nullam/orci/pede/venenatis/non/sodales.json?nunc=luctus&rhoncus=nec&dui=molestie&vel=sed&sem=justo&sed=pellentesque&sagittis=viverra&nam=pede&congue=ac&risus=diam&semper=cras&porta=pellentesque&volutpat=volutpat&quam=dui&pede=maecenas&lobortis=tristique&ligula=est&sit=et&amet=tempus', 18, 12, 7);
insert into animal (id, adoption_date, age, care_info, gender, name, story, tumblr, weight, breed_id, user_id) values (3, '1/20/2016', 12, 'lorem quisque ut erat curabitur gravida nisi at nibh in hac habitasse platea dictumst aliquam augue', 'Male', 'Charles', 'elementum in hac habitasse platea dictumst morbi vestibulum velit id pretium iaculis diam erat fermentum justo', 'http://tamu.edu/ipsum/praesent/blandit/lacinia/erat/vestibulum.js?vivamus=lacinia&vel=aenean&nulla=sit&eget=amet&eros=justo&elementum=morbi&pellentesque=ut&quisque=odio&porta=cras&volutpat=mi&erat=pede&quisque=malesuada&erat=in&eros=imperdiet&viverra=et&eget=commodo&congue=vulputate&eget=justo&semper=in&rutrum=blandit&nulla=ultrices&nunc=enim&purus=lorem&phasellus=ipsum&in=dolor&felis=sit&donec=amet&semper=consectetuer&sapien=adipiscing&a=elit&libero=proin&nam=interdum&dui=mauris&proin=non&leo=ligula&odio=pellentesque&porttitor=ultrices&id=phasellus&consequat=id&in=sapien&consequat=in&ut=sapien&nulla=iaculis&sed=congue&accumsan=vivamus&felis=metus&ut=arcu&at=adipiscing&dolor=molestie&quis=hendrerit&odio=at&consequat=vulputate', 64, 12, 2);
insert into animal (id, adoption_date, age, care_info, gender, name, story, tumblr, weight, breed_id, user_id) values (4, '9/20/2016', 3, 'pellentesque quisque porta volutpat erat quisque erat eros viverra eget congue eget semper rutrum nulla nunc', 'Male', 'Wayne', 'nec condimentum neque sapien placerat ante nulla justo aliquam quis turpis', 'http://storify.com/interdum/mauris/ullamcorper.json?non=lectus&ligula=aliquam&pellentesque=sit&ultrices=amet&phasellus=diam&id=in&sapien=magna&in=bibendum&sapien=imperdiet&iaculis=nullam&congue=orci&vivamus=pede&metus=venenatis&arcu=non&adipiscing=sodales&molestie=sed&hendrerit=tincidunt&at=eu&vulputate=felis&vitae=fusce&nisl=posuere&aenean=felis&lectus=sed&pellentesque=lacus&eget=morbi&nunc=sem&donec=mauris&quis=laoreet&orci=ut&eget=rhoncus&orci=aliquet&vehicula=pulvinar&condimentum=sed&curabitur=nisl&in=nunc&libero=rhoncus&ut=dui&massa=vel&volutpat=sem&convallis=sed&morbi=sagittis&odio=nam&odio=congue&elementum=risus&eu=semper&interdum=porta&eu=volutpat&tincidunt=quam&in=pede&leo=lobortis&maecenas=ligula&pulvinar=sit&lobortis=amet&est=eleifend&phasellus=pede&sit=libero&amet=quis&erat=orci&nulla=nullam&tempus=molestie&vivamus=nibh&in=in', 5, 3, 46);
insert into animal (id, adoption_date, age, care_info, gender, name, story, tumblr, weight, breed_id, user_id) values (5, '7/2/2016', 11, 'velit eu est congue elementum in hac habitasse platea dictumst morbi vestibulum velit', 'Female', 'Frances', 'convallis nunc proin at turpis a pede posuere nonummy integer', 'https://pbs.org/adipiscing/elit/proin/risus.js?in=non&hac=lectus&habitasse=aliquam&platea=sit&dictumst=amet&etiam=diam&faucibus=in&cursus=magna&urna=bibendum&ut=imperdiet&tellus=nullam&nulla=orci&ut=pede&erat=venenatis&id=non&mauris=sodales&vulputate=sed&elementum=tincidunt&nullam=eu&varius=felis&nulla=fusce&facilisi=posuere&cras=felis&non=sed&velit=lacus&nec=morbi&nisi=sem&vulputate=mauris&nonummy=laoreet&maecenas=ut&tincidunt=rhoncus&lacus=aliquet&at=pulvinar&velit=sed&vivamus=nisl&vel=nunc&nulla=rhoncus&eget=dui&eros=vel&elementum=sem&pellentesque=sed&quisque=sagittis&porta=nam&volutpat=congue&erat=risus&quisque=semper&erat=porta&eros=volutpat&viverra=quam', 31, 2, 49);
insert into animal (id, adoption_date, age, care_info, gender, name, story, tumblr, weight, breed_id, user_id) values (6, '7/25/2016', 9, 'fusce lacus purus aliquet at feugiat non pretium quis lectus suspendisse potenti in eleifend quam a odio in hac', 'Female', 'Patricia', 'posuere felis sed lacus morbi sem mauris laoreet ut rhoncus aliquet pulvinar', 'http://vistaprint.com/at/ipsum/ac/tellus.png?sit=lobortis&amet=sapien&cursus=sapien&id=non&turpis=mi&integer=integer&aliquet=ac&massa=neque&id=duis&lobortis=bibendum&convallis=morbi&tortor=non&risus=quam&dapibus=nec&augue=dui', 56, 11, 24);
insert into animal (id, adoption_date, age, care_info, gender, name, story, tumblr, weight, breed_id, user_id) values (7, '2/29/2016', 9, 'integer a nibh in quis justo maecenas rhoncus aliquam lacus morbi quis tortor id nulla ultrices', 'Male', 'Kevin', 'condimentum id luctus nec molestie sed justo pellentesque viverra pede', 'https://ucoz.com/massa/tempor.json?duis=nec&faucibus=nisi&accumsan=volutpat&odio=eleifend&curabitur=donec&convallis=ut&duis=dolor&consequat=morbi&dui=vel', 71, 11, 30);
insert into animal (id, adoption_date, age, care_info, gender, name, story, tumblr, weight, breed_id, user_id) values (8, '7/3/2016', 13, 'pede malesuada in imperdiet et commodo vulputate justo in blandit ultrices enim lorem', 'Female', 'Debra', 'quam suspendisse potenti nullam porttitor lacus at turpis donec posuere metus vitae ipsum aliquam non mauris morbi non', 'https://istockphoto.com/nisl/duis/ac.jpg?est=vestibulum&donec=ante&odio=ipsum&justo=primis&sollicitudin=in&ut=faucibus&suscipit=orci&a=luctus&feugiat=et&et=ultrices&eros=posuere&vestibulum=cubilia&ac=curae&est=mauris&lacinia=viverra&nisi=diam&venenatis=vitae&tristique=quam&fusce=suspendisse&congue=potenti&diam=nullam&id=porttitor&ornare=lacus&imperdiet=at&sapien=turpis&urna=donec&pretium=posuere&nisl=metus&ut=vitae&volutpat=ipsum&sapien=aliquam&arcu=non&sed=mauris&augue=morbi&aliquam=non&erat=lectus&volutpat=aliquam&in=sit&congue=amet&etiam=diam&justo=in&etiam=magna&pretium=bibendum&iaculis=imperdiet&justo=nullam&in=orci&hac=pede&habitasse=venenatis&platea=non', 57, 11, 67);
insert into animal (id, adoption_date, age, care_info, gender, name, story, tumblr, weight, breed_id, user_id) values (9, '8/21/2016', 13, 'quisque erat eros viverra eget congue eget semper rutrum nulla nunc', 'Male', 'Matthew', 'amet eros suspendisse accumsan tortor quis turpis sed ante vivamus', 'http://weibo.com/dolor/sit/amet/consectetuer/adipiscing.jsp?placerat=vulputate&praesent=elementum&blandit=nullam&nam=varius&nulla=nulla&integer=facilisi&pede=cras&justo=non&lacinia=velit&eget=nec&tincidunt=nisi&eget=vulputate&tempus=nonummy&vel=maecenas&pede=tincidunt&morbi=lacus&porttitor=at&lorem=velit&id=vivamus&ligula=vel&suspendisse=nulla&ornare=eget&consequat=eros&lectus=elementum&in=pellentesque&est=quisque&risus=porta&auctor=volutpat&sed=erat&tristique=quisque&in=erat&tempus=eros&sit=viverra&amet=eget&sem=congue&fusce=eget&consequat=semper&nulla=rutrum&nisl=nulla&nunc=nunc&nisl=purus&duis=phasellus&bibendum=in&felis=felis&sed=donec&interdum=semper&venenatis=sapien&turpis=a&enim=libero&blandit=nam&mi=dui&in=proin&porttitor=leo&pede=odio&justo=porttitor&eu=id&massa=consequat&donec=in&dapibus=consequat&duis=ut&at=nulla&velit=sed&eu=accumsan&est=felis&congue=ut', 21, 6, 40);
insert into animal (id, adoption_date, age, care_info, gender, name, story, tumblr, weight, breed_id, user_id) values (10, '3/14/2016', 7, 'in faucibus orci luctus et ultrices posuere cubilia curae nulla dapibus dolor vel est donec odio justo', 'Female', 'Julia', 'sit amet nunc viverra dapibus nulla suscipit ligula in lacus curabitur at ipsum ac tellus semper interdum mauris', 'https://nifty.com/velit/vivamus/vel/nulla.jsp?vestibulum=in&vestibulum=lectus&ante=pellentesque&ipsum=at&primis=nulla&in=suspendisse&faucibus=potenti&orci=cras&luctus=in&et=purus&ultrices=eu&posuere=magna&cubilia=vulputate&curae=luctus&nulla=cum&dapibus=sociis&dolor=natoque&vel=penatibus&est=et&donec=magnis&odio=dis&justo=parturient&sollicitudin=montes&ut=nascetur&suscipit=ridiculus&a=mus&feugiat=vivamus&et=vestibulum&eros=sagittis&vestibulum=sapien&ac=cum&est=sociis&lacinia=natoque&nisi=penatibus&venenatis=et&tristique=magnis&fusce=dis&congue=parturient&diam=montes&id=nascetur&ornare=ridiculus&imperdiet=mus&sapien=etiam&urna=vel&pretium=augue&nisl=vestibulum&ut=rutrum&volutpat=rutrum&sapien=neque&arcu=aenean&sed=auctor&augue=gravida&aliquam=sem&erat=praesent&volutpat=id&in=massa&congue=id&etiam=nisl&justo=venenatis&etiam=lacinia&pretium=aenean&iaculis=sit&justo=amet&in=justo&hac=morbi&habitasse=ut&platea=odio&dictumst=cras&etiam=mi&faucibus=pede&cursus=malesuada&urna=in&ut=imperdiet&tellus=et&nulla=commodo&ut=vulputate&erat=justo&id=in&mauris=blandit&vulputate=ultrices&elementum=enim&nullam=lorem&varius=ipsum&nulla=dolor&facilisi=sit&cras=amet&non=consectetuer&velit=adipiscing&nec=elit&nisi=proin&vulputate=interdum&nonummy=mauris&maecenas=non&tincidunt=ligula&lacus=pellentesque&at=ultrices&velit=phasellus', 51, 3, 61);
insert into animal (id, adoption_date, age, care_info, gender, name, story, tumblr, weight, breed_id, user_id) values (11, '7/10/2016', 1, 'quis turpis eget elit sodales scelerisque mauris sit amet eros suspendisse accumsan tortor quis turpis sed ante', 'Male', 'Stephen', 'felis sed interdum venenatis turpis enim blandit mi in porttitor pede justo eu massa donec dapibus duis at', 'https://techcrunch.com/id/pretium/iaculis/diam.html?porttitor=imperdiet&lacus=sapien&at=urna&turpis=pretium&donec=nisl&posuere=ut&metus=volutpat&vitae=sapien&ipsum=arcu&aliquam=sed&non=augue&mauris=aliquam&morbi=erat&non=volutpat&lectus=in&aliquam=congue&sit=etiam&amet=justo&diam=etiam&in=pretium&magna=iaculis&bibendum=justo&imperdiet=in&nullam=hac&orci=habitasse&pede=platea&venenatis=dictumst&non=etiam&sodales=faucibus&sed=cursus&tincidunt=urna&eu=ut&felis=tellus&fusce=nulla&posuere=ut&felis=erat&sed=id&lacus=mauris&morbi=vulputate&sem=elementum&mauris=nullam&laoreet=varius&ut=nulla&rhoncus=facilisi&aliquet=cras&pulvinar=non&sed=velit&nisl=nec&nunc=nisi&rhoncus=vulputate&dui=nonummy&vel=maecenas&sem=tincidunt&sed=lacus&sagittis=at&nam=velit&congue=vivamus&risus=vel&semper=nulla&porta=eget&volutpat=eros&quam=elementum&pede=pellentesque&lobortis=quisque&ligula=porta&sit=volutpat&amet=erat&eleifend=quisque&pede=erat&libero=eros&quis=viverra&orci=eget&nullam=congue&molestie=eget&nibh=semper&in=rutrum&lectus=nulla&pellentesque=nunc&at=purus&nulla=phasellus&suspendisse=in&potenti=felis&cras=donec&in=semper&purus=sapien&eu=a&magna=libero&vulputate=nam&luctus=dui&cum=proin&sociis=leo&natoque=odio&penatibus=porttitor&et=id', 19, 5, 70);
insert into animal (id, adoption_date, age, care_info, gender, name, story, tumblr, weight, breed_id, user_id) values (12, '12/4/2015', 2, 'cubilia curae nulla dapibus dolor vel est donec odio justo sollicitudin ut suscipit a', 'Male', 'Jeremy', 'vulputate luctus cum sociis natoque penatibus et magnis dis parturient montes nascetur ridiculus', 'http://answers.com/sapien/urna/pretium/nisl/ut/volutpat/sapien.png?convallis=sed&nulla=lacus&neque=morbi&libero=sem&convallis=mauris&eget=laoreet&eleifend=ut&luctus=rhoncus&ultricies=aliquet&eu=pulvinar&nibh=sed&quisque=nisl&id=nunc&justo=rhoncus&sit=dui&amet=vel&sapien=sem&dignissim=sed&vestibulum=sagittis&vestibulum=nam&ante=congue&ipsum=risus&primis=semper&in=porta&faucibus=volutpat&orci=quam&luctus=pede&et=lobortis&ultrices=ligula&posuere=sit&cubilia=amet&curae=eleifend&nulla=pede&dapibus=libero&dolor=quis&vel=orci&est=nullam&donec=molestie&odio=nibh&justo=in&sollicitudin=lectus&ut=pellentesque&suscipit=at&a=nulla&feugiat=suspendisse&et=potenti&eros=cras&vestibulum=in&ac=purus&est=eu&lacinia=magna&nisi=vulputate&venenatis=luctus&tristique=cum&fusce=sociis&congue=natoque&diam=penatibus&id=et&ornare=magnis&imperdiet=dis&sapien=parturient&urna=montes&pretium=nascetur&nisl=ridiculus&ut=mus&volutpat=vivamus&sapien=vestibulum&arcu=sagittis&sed=sapien&augue=cum&aliquam=sociis&erat=natoque&volutpat=penatibus&in=et&congue=magnis', 14, 8, 49);
insert into animal (id, adoption_date, age, care_info, gender, name, story, tumblr, weight, breed_id, user_id) values (13, '7/24/2016', 10, 'suspendisse ornare consequat lectus in est risus auctor sed tristique in tempus', 'Female', 'Kathleen', 'curabitur gravida nisi at nibh in hac habitasse platea dictumst', 'http://java.com/ornare/imperdiet/sapien/urna/pretium/nisl.png?pede=ultrices&malesuada=posuere&in=cubilia&imperdiet=curae&et=nulla&commodo=dapibus&vulputate=dolor&justo=vel&in=est&blandit=donec&ultrices=odio&enim=justo&lorem=sollicitudin&ipsum=ut&dolor=suscipit&sit=a&amet=feugiat&consectetuer=et&adipiscing=eros&elit=vestibulum&proin=ac&interdum=est&mauris=lacinia&non=nisi&ligula=venenatis&pellentesque=tristique&ultrices=fusce&phasellus=congue&id=diam&sapien=id&in=ornare&sapien=imperdiet&iaculis=sapien&congue=urna&vivamus=pretium&metus=nisl&arcu=ut&adipiscing=volutpat&molestie=sapien&hendrerit=arcu&at=sed&vulputate=augue&vitae=aliquam&nisl=erat&aenean=volutpat&lectus=in&pellentesque=congue&eget=etiam&nunc=justo&donec=etiam&quis=pretium&orci=iaculis&eget=justo&orci=in&vehicula=hac&condimentum=habitasse&curabitur=platea&in=dictumst&libero=etiam&ut=faucibus&massa=cursus&volutpat=urna&convallis=ut&morbi=tellus&odio=nulla&odio=ut&elementum=erat&eu=id&interdum=mauris&eu=vulputate&tincidunt=elementum&in=nullam&leo=varius&maecenas=nulla&pulvinar=facilisi&lobortis=cras', 30, 5, 14);
insert into animal (id, adoption_date, age, care_info, gender, name, story, tumblr, weight, breed_id, user_id) values (14, '3/16/2016', 10, 'quisque arcu libero rutrum ac lobortis vel dapibus at diam nam tristique', 'Male', 'Jose', 'quis odio consequat varius integer ac leo pellentesque ultrices mattis', 'https://marketwatch.com/sapien/urna.json?montes=in&nascetur=magna&ridiculus=bibendum&mus=imperdiet&vivamus=nullam&vestibulum=orci&sagittis=pede&sapien=venenatis&cum=non&sociis=sodales&natoque=sed&penatibus=tincidunt&et=eu&magnis=felis&dis=fusce&parturient=posuere&montes=felis&nascetur=sed&ridiculus=lacus&mus=morbi&etiam=sem&vel=mauris&augue=laoreet&vestibulum=ut&rutrum=rhoncus&rutrum=aliquet&neque=pulvinar&aenean=sed&auctor=nisl&gravida=nunc&sem=rhoncus&praesent=dui&id=vel&massa=sem&id=sed&nisl=sagittis&venenatis=nam&lacinia=congue&aenean=risus&sit=semper&amet=porta&justo=volutpat&morbi=quam&ut=pede&odio=lobortis&cras=ligula&mi=sit&pede=amet&malesuada=eleifend&in=pede&imperdiet=libero&et=quis&commodo=orci&vulputate=nullam&justo=molestie&in=nibh&blandit=in&ultrices=lectus&enim=pellentesque&lorem=at&ipsum=nulla&dolor=suspendisse&sit=potenti&amet=cras&consectetuer=in&adipiscing=purus', 53, 11, 68);
insert into animal (id, adoption_date, age, care_info, gender, name, story, tumblr, weight, breed_id, user_id) values (15, '4/6/2016', 9, 'nec dui luctus rutrum nulla tellus in sagittis dui vel nisl duis', 'Female', 'Mary', 'lectus suspendisse potenti in eleifend quam a odio in hac habitasse platea dictumst maecenas ut massa quis augue luctus tincidunt', 'http://sina.com.cn/imperdiet/et/commodo/vulputate.aspx?sed=sit&justo=amet&pellentesque=eros&viverra=suspendisse&pede=accumsan&ac=tortor&diam=quis&cras=turpis&pellentesque=sed&volutpat=ante&dui=vivamus&maecenas=tortor&tristique=duis&est=mattis&et=egestas&tempus=metus&semper=aenean&est=fermentum&quam=donec&pharetra=ut&magna=mauris&ac=eget&consequat=massa&metus=tempor&sapien=convallis&ut=nulla&nunc=neque&vestibulum=libero&ante=convallis&ipsum=eget&primis=eleifend&in=luctus&faucibus=ultricies&orci=eu&luctus=nibh', 73, 8, 28);
insert into animal (id, adoption_date, age, care_info, gender, name, story, tumblr, weight, breed_id, user_id) values (16, '2/19/2016', 11, 'vitae consectetuer eget rutrum at lorem integer tincidunt ante vel ipsum praesent blandit lacinia erat vestibulum sed magna', 'Female', 'Janice', 'eleifend quam a odio in hac habitasse platea dictumst maecenas ut massa quis augue luctus tincidunt', 'http://mtv.com/fringilla/rhoncus/mauris/enim/leo/rhoncus/sed.jsp?leo=vivamus&odio=tortor&condimentum=duis&id=mattis&luctus=egestas&nec=metus&molestie=aenean&sed=fermentum&justo=donec&pellentesque=ut&viverra=mauris&pede=eget&ac=massa&diam=tempor&cras=convallis&pellentesque=nulla&volutpat=neque&dui=libero&maecenas=convallis&tristique=eget&est=eleifend&et=luctus&tempus=ultricies&semper=eu&est=nibh&quam=quisque&pharetra=id&magna=justo&ac=sit&consequat=amet&metus=sapien&sapien=dignissim&ut=vestibulum&nunc=vestibulum&vestibulum=ante&ante=ipsum&ipsum=primis&primis=in&in=faucibus', 33, 3, 15);
insert into animal (id, adoption_date, age, care_info, gender, name, story, tumblr, weight, breed_id, user_id) values (17, '11/27/2015', 10, 'vel sem sed sagittis nam congue risus semper porta volutpat quam pede lobortis ligula sit amet eleifend pede', 'Female', 'Lillian', 'rutrum neque aenean auctor gravida sem praesent id massa id nisl venenatis lacinia aenean sit amet justo morbi ut', 'https://arstechnica.com/donec/odio/justo/sollicitudin.html?vel=ultrices&augue=aliquet&vestibulum=maecenas&ante=leo&ipsum=odio&primis=condimentum&in=id&faucibus=luctus&orci=nec', 5, 10, 46);
insert into animal (id, adoption_date, age, care_info, gender, name, story, tumblr, weight, breed_id, user_id) values (18, '12/1/2015', 8, 'interdum mauris ullamcorper purus sit amet nulla quisque arcu libero rutrum ac lobortis vel', 'Male', 'Donald', 'arcu libero rutrum ac lobortis vel dapibus at diam nam tristique', 'http://businesswire.com/est/risus/auctor/sed/tristique.jpg?sed=eu&tincidunt=interdum&eu=eu&felis=tincidunt&fusce=in&posuere=leo&felis=maecenas&sed=pulvinar&lacus=lobortis&morbi=est&sem=phasellus&mauris=sit&laoreet=amet&ut=erat&rhoncus=nulla&aliquet=tempus&pulvinar=vivamus&sed=in&nisl=felis&nunc=eu&rhoncus=sapien&dui=cursus&vel=vestibulum&sem=proin&sed=eu&sagittis=mi&nam=nulla&congue=ac', 62, 6, 71);
insert into animal (id, adoption_date, age, care_info, gender, name, story, tumblr, weight, breed_id, user_id) values (19, '8/15/2016', 11, 'ut mauris eget massa tempor convallis nulla neque libero convallis eget eleifend', 'Male', 'Carl', 'placerat praesent blandit nam nulla integer pede justo lacinia eget tincidunt eget tempus vel pede', 'https://irs.gov/libero/non/mattis/pulvinar/nulla.js?et=aenean&ultrices=fermentum&posuere=donec&cubilia=ut&curae=mauris&nulla=eget&dapibus=massa&dolor=tempor&vel=convallis&est=nulla&donec=neque&odio=libero&justo=convallis&sollicitudin=eget&ut=eleifend&suscipit=luctus&a=ultricies&feugiat=eu&et=nibh&eros=quisque&vestibulum=id&ac=justo&est=sit&lacinia=amet&nisi=sapien&venenatis=dignissim&tristique=vestibulum&fusce=vestibulum&congue=ante&diam=ipsum&id=primis&ornare=in&imperdiet=faucibus&sapien=orci&urna=luctus&pretium=et&nisl=ultrices&ut=posuere&volutpat=cubilia&sapien=curae&arcu=nulla&sed=dapibus&augue=dolor&aliquam=vel&erat=est&volutpat=donec&in=odio&congue=justo&etiam=sollicitudin&justo=ut&etiam=suscipit&pretium=a&iaculis=feugiat&justo=et&in=eros&hac=vestibulum&habitasse=ac&platea=est&dictumst=lacinia&etiam=nisi&faucibus=venenatis&cursus=tristique&urna=fusce&ut=congue&tellus=diam&nulla=id&ut=ornare&erat=imperdiet&id=sapien&mauris=urna&vulputate=pretium&elementum=nisl&nullam=ut&varius=volutpat&nulla=sapien&facilisi=arcu&cras=sed&non=augue&velit=aliquam&nec=erat&nisi=volutpat&vulputate=in&nonummy=congue&maecenas=etiam&tincidunt=justo&lacus=etiam&at=pretium&velit=iaculis&vivamus=justo&vel=in&nulla=hac&eget=habitasse&eros=platea&elementum=dictumst&pellentesque=etiam', 18, 9, 40);
insert into animal (id, adoption_date, age, care_info, gender, name, story, tumblr, weight, breed_id, user_id) values (20, '2/16/2016', 11, 'vel est donec odio justo sollicitudin ut suscipit a feugiat et eros vestibulum', 'Female', 'Joyce', 'posuere cubilia curae donec pharetra magna vestibulum aliquet ultrices erat tortor sollicitudin mi sit', 'https://whitehouse.gov/leo/maecenas/pulvinar/lobortis.jsp?non=eget&ligula=vulputate&pellentesque=ut&ultrices=ultrices&phasellus=vel&id=augue&sapien=vestibulum&in=ante&sapien=ipsum&iaculis=primis&congue=in&vivamus=faucibus&metus=orci&arcu=luctus&adipiscing=et&molestie=ultrices&hendrerit=posuere&at=cubilia&vulputate=curae&vitae=donec&nisl=pharetra&aenean=magna&lectus=vestibulum&pellentesque=aliquet&eget=ultrices&nunc=erat&donec=tortor&quis=sollicitudin&orci=mi&eget=sit&orci=amet&vehicula=lobortis&condimentum=sapien&curabitur=sapien&in=non&libero=mi&ut=integer&massa=ac&volutpat=neque&convallis=duis&morbi=bibendum&odio=morbi&odio=non&elementum=quam&eu=nec&interdum=dui&eu=luctus', 54, 6, 57);
insert into animal (id, adoption_date, age, care_info, gender, name, story, tumblr, weight, breed_id, user_id) values (21, '1/21/2016', 2, 'turpis donec posuere metus vitae ipsum aliquam non mauris morbi non lectus aliquam sit amet diam in magna bibendum imperdiet', 'Female', 'Rose', 'dui maecenas tristique est et tempus semper est quam pharetra magna ac consequat metus sapien ut nunc', 'https://abc.net.au/in/hac/habitasse/platea.jpg?imperdiet=posuere&et=metus&commodo=vitae&vulputate=ipsum&justo=aliquam&in=non&blandit=mauris&ultrices=morbi&enim=non&lorem=lectus&ipsum=aliquam&dolor=sit&sit=amet&amet=diam&consectetuer=in&adipiscing=magna&elit=bibendum&proin=imperdiet&interdum=nullam&mauris=orci&non=pede&ligula=venenatis&pellentesque=non&ultrices=sodales&phasellus=sed&id=tincidunt&sapien=eu&in=felis&sapien=fusce&iaculis=posuere&congue=felis&vivamus=sed&metus=lacus&arcu=morbi&adipiscing=sem&molestie=mauris&hendrerit=laoreet&at=ut&vulputate=rhoncus&vitae=aliquet&nisl=pulvinar&aenean=sed&lectus=nisl&pellentesque=nunc&eget=rhoncus&nunc=dui&donec=vel&quis=sem&orci=sed&eget=sagittis&orci=nam&vehicula=congue&condimentum=risus&curabitur=semper&in=porta&libero=volutpat&ut=quam&massa=pede&volutpat=lobortis&convallis=ligula&morbi=sit&odio=amet&odio=eleifend&elementum=pede&eu=libero&interdum=quis&eu=orci&tincidunt=nullam&in=molestie&leo=nibh&maecenas=in', 64, 3, 25);
insert into animal (id, adoption_date, age, care_info, gender, name, story, tumblr, weight, breed_id, user_id) values (22, '6/4/2016', 14, 'condimentum curabitur in libero ut massa volutpat convallis morbi odio odio elementum eu interdum eu', 'Female', 'Rebecca', 'volutpat quam pede lobortis ligula sit amet eleifend pede libero quis orci', 'http://51.la/velit/id/pretium/iaculis/diam.png?commodo=amet&placerat=consectetuer&praesent=adipiscing&blandit=elit&nam=proin&nulla=risus&integer=praesent&pede=lectus&justo=vestibulum&lacinia=quam&eget=sapien&tincidunt=varius&eget=ut&tempus=blandit&vel=non&pede=interdum&morbi=in&porttitor=ante&lorem=vestibulum&id=ante&ligula=ipsum&suspendisse=primis&ornare=in&consequat=faucibus&lectus=orci&in=luctus&est=et&risus=ultrices&auctor=posuere&sed=cubilia&tristique=curae&in=duis&tempus=faucibus&sit=accumsan&amet=odio&sem=curabitur&fusce=convallis&consequat=duis&nulla=consequat&nisl=dui&nunc=nec&nisl=nisi&duis=volutpat&bibendum=eleifend&felis=donec&sed=ut&interdum=dolor&venenatis=morbi', 29, 6, 25);
insert into animal (id, adoption_date, age, care_info, gender, name, story, tumblr, weight, breed_id, user_id) values (23, '3/15/2016', 8, 'vestibulum rutrum rutrum neque aenean auctor gravida sem praesent id massa id nisl venenatis lacinia aenean', 'Female', 'Amy', 'diam vitae quam suspendisse potenti nullam porttitor lacus at turpis donec', 'http://reuters.com/scelerisque/quam/turpis.aspx?quisque=risus&erat=dapibus&eros=augue&viverra=vel&eget=accumsan&congue=tellus&eget=nisi&semper=eu&rutrum=orci&nulla=mauris&nunc=lacinia&purus=sapien&phasellus=quis&in=libero&felis=nullam&donec=sit&semper=amet&sapien=turpis&a=elementum&libero=ligula&nam=vehicula&dui=consequat&proin=morbi&leo=a&odio=ipsum&porttitor=integer&id=a&consequat=nibh&in=in&consequat=quis&ut=justo&nulla=maecenas&sed=rhoncus&accumsan=aliquam&felis=lacus&ut=morbi&at=quis&dolor=tortor&quis=id&odio=nulla&consequat=ultrices&varius=aliquet&integer=maecenas&ac=leo&leo=odio&pellentesque=condimentum&ultrices=id&mattis=luctus&odio=nec&donec=molestie&vitae=sed&nisi=justo&nam=pellentesque&ultrices=viverra&libero=pede&non=ac&mattis=diam&pulvinar=cras&nulla=pellentesque&pede=volutpat&ullamcorper=dui&augue=maecenas&a=tristique&suscipit=est&nulla=et&elit=tempus&ac=semper&nulla=est&sed=quam&vel=pharetra&enim=magna&sit=ac&amet=consequat&nunc=metus&viverra=sapien&dapibus=ut&nulla=nunc', 28, 3, 29);
insert into animal (id, adoption_date, age, care_info, gender, name, story, tumblr, weight, breed_id, user_id) values (24, '5/16/2016', 10, 'libero convallis eget eleifend luctus ultricies eu nibh quisque id', 'Female', 'Denise', 'non sodales sed tincidunt eu felis fusce posuere felis sed lacus morbi sem mauris laoreet', 'https://mac.com/nisl/aenean/lectus.jpg?maecenas=massa&leo=volutpat&odio=convallis&condimentum=morbi&id=odio&luctus=odio&nec=elementum&molestie=eu&sed=interdum&justo=eu&pellentesque=tincidunt&viverra=in&pede=leo&ac=maecenas&diam=pulvinar&cras=lobortis&pellentesque=est&volutpat=phasellus&dui=sit&maecenas=amet&tristique=erat&est=nulla&et=tempus&tempus=vivamus&semper=in&est=felis&quam=eu&pharetra=sapien&magna=cursus&ac=vestibulum&consequat=proin&metus=eu&sapien=mi&ut=nulla&nunc=ac&vestibulum=enim&ante=in&ipsum=tempor&primis=turpis&in=nec&faucibus=euismod&orci=scelerisque&luctus=quam&et=turpis&ultrices=adipiscing&posuere=lorem&cubilia=vitae&curae=mattis&mauris=nibh&viverra=ligula&diam=nec&vitae=sem&quam=duis&suspendisse=aliquam&potenti=convallis&nullam=nunc&porttitor=proin&lacus=at&at=turpis&turpis=a&donec=pede&posuere=posuere&metus=nonummy&vitae=integer&ipsum=non&aliquam=velit&non=donec&mauris=diam&morbi=neque&non=vestibulum&lectus=eget&aliquam=vulputate&sit=ut&amet=ultrices&diam=vel&in=augue&magna=vestibulum&bibendum=ante&imperdiet=ipsum', 12, 10, 49);
insert into animal (id, adoption_date, age, care_info, gender, name, story, tumblr, weight, breed_id, user_id) values (25, '1/1/2016', 14, 'pharetra magna vestibulum aliquet ultrices erat tortor sollicitudin mi sit amet lobortis sapien sapien non mi integer ac neque duis', 'Male', 'Joe', 'quis lectus suspendisse potenti in eleifend quam a odio in hac', 'https://opera.com/hendrerit/at/vulputate/vitae.xml?nulla=quam&justo=sapien&aliquam=varius&quis=ut&turpis=blandit&eget=non&elit=interdum&sodales=in&scelerisque=ante&mauris=vestibulum&sit=ante&amet=ipsum&eros=primis&suspendisse=in&accumsan=faucibus&tortor=orci&quis=luctus&turpis=et&sed=ultrices&ante=posuere&vivamus=cubilia&tortor=curae&duis=duis&mattis=faucibus&egestas=accumsan&metus=odio&aenean=curabitur&fermentum=convallis&donec=duis&ut=consequat&mauris=dui&eget=nec&massa=nisi&tempor=volutpat&convallis=eleifend&nulla=donec&neque=ut&libero=dolor&convallis=morbi&eget=vel&eleifend=lectus&luctus=in&ultricies=quam&eu=fringilla&nibh=rhoncus&quisque=mauris&id=enim&justo=leo&sit=rhoncus&amet=sed&sapien=vestibulum&dignissim=sit&vestibulum=amet&vestibulum=cursus', 17, 5, 20);
insert into animal (id, adoption_date, age, care_info, gender, name, story, tumblr, weight, breed_id, user_id) values (26, '5/10/2016', 8, 'proin leo odio porttitor id consequat in consequat ut nulla sed accumsan felis ut at dolor quis odio consequat varius', 'Female', 'Rebecca', 'tempor convallis nulla neque libero convallis eget eleifend luctus ultricies eu nibh quisque id justo', 'https://hexun.com/habitasse.js?justo=sapien&sit=cursus&amet=vestibulum&sapien=proin&dignissim=eu&vestibulum=mi&vestibulum=nulla&ante=ac&ipsum=enim&primis=in&in=tempor&faucibus=turpis&orci=nec&luctus=euismod&et=scelerisque&ultrices=quam&posuere=turpis&cubilia=adipiscing&curae=lorem&nulla=vitae&dapibus=mattis&dolor=nibh&vel=ligula&est=nec&donec=sem&odio=duis&justo=aliquam&sollicitudin=convallis&ut=nunc&suscipit=proin&a=at&feugiat=turpis&et=a&eros=pede&vestibulum=posuere&ac=nonummy&est=integer&lacinia=non&nisi=velit&venenatis=donec&tristique=diam&fusce=neque&congue=vestibulum&diam=eget&id=vulputate&ornare=ut', 48, 4, 29);
insert into animal (id, adoption_date, age, care_info, gender, name, story, tumblr, weight, breed_id, user_id) values (27, '8/2/2016', 10, 'integer aliquet massa id lobortis convallis tortor risus dapibus augue vel accumsan tellus nisi eu', 'Male', 'Edward', 'lectus vestibulum quam sapien varius ut blandit non interdum in ante', 'http://columbia.edu/malesuada/in/imperdiet.jsp?leo=in&odio=purus&condimentum=eu&id=magna&luctus=vulputate&nec=luctus&molestie=cum&sed=sociis&justo=natoque&pellentesque=penatibus&viverra=et&pede=magnis&ac=dis&diam=parturient&cras=montes&pellentesque=nascetur&volutpat=ridiculus&dui=mus&maecenas=vivamus&tristique=vestibulum&est=sagittis&et=sapien&tempus=cum&semper=sociis&est=natoque&quam=penatibus&pharetra=et&magna=magnis&ac=dis&consequat=parturient&metus=montes&sapien=nascetur&ut=ridiculus&nunc=mus&vestibulum=etiam&ante=vel&ipsum=augue&primis=vestibulum&in=rutrum&faucibus=rutrum&orci=neque&luctus=aenean&et=auctor&ultrices=gravida&posuere=sem&cubilia=praesent&curae=id&mauris=massa&viverra=id&diam=nisl&vitae=venenatis&quam=lacinia&suspendisse=aenean&potenti=sit&nullam=amet&porttitor=justo&lacus=morbi&at=ut&turpis=odio&donec=cras&posuere=mi&metus=pede&vitae=malesuada&ipsum=in&aliquam=imperdiet&non=et&mauris=commodo&morbi=vulputate&non=justo&lectus=in&aliquam=blandit&sit=ultrices&amet=enim&diam=lorem&in=ipsum&magna=dolor&bibendum=sit&imperdiet=amet', 62, 5, 69);
insert into animal (id, adoption_date, age, care_info, gender, name, story, tumblr, weight, breed_id, user_id) values (28, '8/27/2016', 6, 'dis parturient montes nascetur ridiculus mus etiam vel augue vestibulum rutrum rutrum neque aenean', 'Female', 'Julie', 'faucibus accumsan odio curabitur convallis duis consequat dui nec nisi volutpat eleifend donec ut dolor', 'https://ovh.net/ligula/sit/amet/eleifend/pede/libero/quis.json?mi=integer&integer=non&ac=velit&neque=donec&duis=diam&bibendum=neque&morbi=vestibulum&non=eget&quam=vulputate&nec=ut&dui=ultrices&luctus=vel&rutrum=augue&nulla=vestibulum&tellus=ante&in=ipsum&sagittis=primis&dui=in&vel=faucibus&nisl=orci&duis=luctus&ac=et&nibh=ultrices&fusce=posuere&lacus=cubilia&purus=curae&aliquet=donec&at=pharetra&feugiat=magna&non=vestibulum&pretium=aliquet&quis=ultrices&lectus=erat&suspendisse=tortor&potenti=sollicitudin&in=mi&eleifend=sit&quam=amet&a=lobortis&odio=sapien&in=sapien&hac=non&habitasse=mi&platea=integer&dictumst=ac&maecenas=neque&ut=duis&massa=bibendum&quis=morbi&augue=non&luctus=quam&tincidunt=nec&nulla=dui&mollis=luctus&molestie=rutrum&lorem=nulla&quisque=tellus&ut=in&erat=sagittis&curabitur=dui&gravida=vel&nisi=nisl&at=duis&nibh=ac&in=nibh&hac=fusce&habitasse=lacus&platea=purus&dictumst=aliquet&aliquam=at&augue=feugiat&quam=non&sollicitudin=pretium&vitae=quis&consectetuer=lectus&eget=suspendisse&rutrum=potenti&at=in&lorem=eleifend&integer=quam&tincidunt=a', 10, 5, 31);
insert into animal (id, adoption_date, age, care_info, gender, name, story, tumblr, weight, breed_id, user_id) values (29, '11/14/2015', 0, 'sapien placerat ante nulla justo aliquam quis turpis eget elit sodales scelerisque', 'Female', 'Bonnie', 'maecenas tincidunt lacus at velit vivamus vel nulla eget eros elementum', 'http://admin.ch/libero/nullam.aspx?aenean=varius&auctor=ut&gravida=blandit&sem=non&praesent=interdum&id=in&massa=ante&id=vestibulum&nisl=ante&venenatis=ipsum&lacinia=primis&aenean=in&sit=faucibus', 3, 9, 21);
insert into animal (id, adoption_date, age, care_info, gender, name, story, tumblr, weight, breed_id, user_id) values (30, '11/2/2015', 4, 'sed nisl nunc rhoncus dui vel sem sed sagittis nam congue', 'Female', 'Anne', 'convallis morbi odio odio elementum eu interdum eu tincidunt in leo maecenas pulvinar lobortis est phasellus', 'https://eepurl.com/tristique/fusce/congue/diam/id.png?luctus=morbi&ultricies=quis&eu=tortor&nibh=id&quisque=nulla&id=ultrices&justo=aliquet&sit=maecenas&amet=leo&sapien=odio&dignissim=condimentum&vestibulum=id&vestibulum=luctus&ante=nec&ipsum=molestie&primis=sed&in=justo&faucibus=pellentesque&orci=viverra&luctus=pede&et=ac&ultrices=diam&posuere=cras&cubilia=pellentesque&curae=volutpat&nulla=dui&dapibus=maecenas&dolor=tristique&vel=est&est=et&donec=tempus&odio=semper&justo=est&sollicitudin=quam&ut=pharetra&suscipit=magna&a=ac&feugiat=consequat&et=metus&eros=sapien&vestibulum=ut&ac=nunc&est=vestibulum&lacinia=ante&nisi=ipsum&venenatis=primis&tristique=in&fusce=faucibus&congue=orci&diam=luctus&id=et&ornare=ultrices&imperdiet=posuere&sapien=cubilia&urna=curae&pretium=mauris&nisl=viverra&ut=diam&volutpat=vitae&sapien=quam&arcu=suspendisse&sed=potenti', 32, 8, 68);
insert into animal (id, adoption_date, age, care_info, gender, name, story, tumblr, weight, breed_id, user_id) values (31, '3/3/2016', 14, 'sit amet diam in magna bibendum imperdiet nullam orci pede venenatis', 'Male', 'Harry', 'faucibus orci luctus et ultrices posuere cubilia curae mauris viverra diam vitae quam suspendisse potenti nullam porttitor lacus at turpis', 'https://apache.org/aliquam/quis/turpis/eget/elit.jpg?posuere=dapibus&metus=dolor&vitae=vel&ipsum=est&aliquam=donec&non=odio&mauris=justo&morbi=sollicitudin&non=ut&lectus=suscipit&aliquam=a&sit=feugiat&amet=et&diam=eros&in=vestibulum&magna=ac&bibendum=est&imperdiet=lacinia&nullam=nisi&orci=venenatis&pede=tristique&venenatis=fusce&non=congue&sodales=diam&sed=id&tincidunt=ornare&eu=imperdiet&felis=sapien&fusce=urna&posuere=pretium&felis=nisl&sed=ut&lacus=volutpat&morbi=sapien&sem=arcu&mauris=sed&laoreet=augue&ut=aliquam&rhoncus=erat&aliquet=volutpat&pulvinar=in&sed=congue&nisl=etiam&nunc=justo&rhoncus=etiam&dui=pretium&vel=iaculis&sem=justo&sed=in&sagittis=hac&nam=habitasse&congue=platea&risus=dictumst&semper=etiam&porta=faucibus&volutpat=cursus&quam=urna&pede=ut&lobortis=tellus&ligula=nulla&sit=ut&amet=erat&eleifend=id&pede=mauris&libero=vulputate&quis=elementum&orci=nullam&nullam=varius&molestie=nulla&nibh=facilisi&in=cras&lectus=non&pellentesque=velit&at=nec&nulla=nisi&suspendisse=vulputate&potenti=nonummy&cras=maecenas&in=tincidunt&purus=lacus&eu=at&magna=velit', 67, 10, 62);
insert into animal (id, adoption_date, age, care_info, gender, name, story, tumblr, weight, breed_id, user_id) values (32, '10/18/2015', 3, 'aliquam lacus morbi quis tortor id nulla ultrices aliquet maecenas leo odio condimentum id luctus nec molestie sed', 'Male', 'Daniel', 'pede justo eu massa donec dapibus duis at velit eu est congue elementum in hac habitasse platea dictumst', 'http://fc2.com/sem/fusce/consequat/nulla/nisl/nunc.aspx?luctus=lacinia&et=erat&ultrices=vestibulum&posuere=sed&cubilia=magna&curae=at&duis=nunc&faucibus=commodo&accumsan=placerat&odio=praesent&curabitur=blandit&convallis=nam&duis=nulla&consequat=integer&dui=pede&nec=justo&nisi=lacinia&volutpat=eget&eleifend=tincidunt&donec=eget&ut=tempus&dolor=vel&morbi=pede&vel=morbi&lectus=porttitor&in=lorem&quam=id&fringilla=ligula&rhoncus=suspendisse&mauris=ornare&enim=consequat', 19, 9, 74);
insert into animal (id, adoption_date, age, care_info, gender, name, story, tumblr, weight, breed_id, user_id) values (33, '9/18/2016', 8, 'diam erat fermentum justo nec condimentum neque sapien placerat ante nulla justo aliquam quis turpis eget elit', 'Male', 'Raymond', 'mauris vulputate elementum nullam varius nulla facilisi cras non velit nec nisi', 'http://creativecommons.org/sed/nisl.html?mauris=nisl&lacinia=duis&sapien=bibendum&quis=felis&libero=sed&nullam=interdum&sit=venenatis&amet=turpis&turpis=enim&elementum=blandit&ligula=mi&vehicula=in&consequat=porttitor&morbi=pede&a=justo&ipsum=eu&integer=massa&a=donec&nibh=dapibus&in=duis&quis=at&justo=velit&maecenas=eu&rhoncus=est&aliquam=congue&lacus=elementum&morbi=in&quis=hac&tortor=habitasse&id=platea&nulla=dictumst&ultrices=morbi&aliquet=vestibulum&maecenas=velit&leo=id&odio=pretium&condimentum=iaculis&id=diam&luctus=erat&nec=fermentum&molestie=justo&sed=nec&justo=condimentum&pellentesque=neque&viverra=sapien&pede=placerat&ac=ante&diam=nulla&cras=justo&pellentesque=aliquam&volutpat=quis&dui=turpis', 29, 7, 50);
insert into animal (id, adoption_date, age, care_info, gender, name, story, tumblr, weight, breed_id, user_id) values (34, '7/28/2016', 9, 'nec euismod scelerisque quam turpis adipiscing lorem vitae mattis nibh ligula nec sem duis aliquam convallis', 'Male', 'James', 'pellentesque ultrices mattis odio donec vitae nisi nam ultrices libero non mattis pulvinar', 'https://usgs.gov/lorem/ipsum/dolor/sit.js?vestibulum=nulla&sagittis=dapibus&sapien=dolor&cum=vel&sociis=est&natoque=donec&penatibus=odio&et=justo&magnis=sollicitudin&dis=ut&parturient=suscipit&montes=a&nascetur=feugiat&ridiculus=et&mus=eros&etiam=vestibulum&vel=ac&augue=est&vestibulum=lacinia&rutrum=nisi&rutrum=venenatis&neque=tristique&aenean=fusce&auctor=congue&gravida=diam&sem=id&praesent=ornare&id=imperdiet&massa=sapien&id=urna&nisl=pretium&venenatis=nisl&lacinia=ut&aenean=volutpat&sit=sapien&amet=arcu&justo=sed&morbi=augue&ut=aliquam&odio=erat&cras=volutpat&mi=in&pede=congue&malesuada=etiam&in=justo&imperdiet=etiam&et=pretium&commodo=iaculis&vulputate=justo&justo=in&in=hac&blandit=habitasse&ultrices=platea&enim=dictumst&lorem=etiam&ipsum=faucibus&dolor=cursus&sit=urna&amet=ut&consectetuer=tellus&adipiscing=nulla&elit=ut', 53, 2, 56);
insert into animal (id, adoption_date, age, care_info, gender, name, story, tumblr, weight, breed_id, user_id) values (35, '10/30/2015', 1, 'curabitur in libero ut massa volutpat convallis morbi odio odio elementum eu interdum eu tincidunt in leo maecenas pulvinar lobortis', 'Female', 'Kathy', 'nunc commodo placerat praesent blandit nam nulla integer pede justo lacinia eget', 'http://noaa.gov/eu/massa/donec.html?donec=lectus&diam=suspendisse&neque=potenti&vestibulum=in&eget=eleifend&vulputate=quam&ut=a&ultrices=odio&vel=in&augue=hac&vestibulum=habitasse&ante=platea&ipsum=dictumst&primis=maecenas&in=ut&faucibus=massa&orci=quis&luctus=augue&et=luctus&ultrices=tincidunt&posuere=nulla&cubilia=mollis&curae=molestie&donec=lorem&pharetra=quisque&magna=ut&vestibulum=erat&aliquet=curabitur&ultrices=gravida&erat=nisi&tortor=at&sollicitudin=nibh&mi=in&sit=hac&amet=habitasse&lobortis=platea&sapien=dictumst&sapien=aliquam&non=augue&mi=quam&integer=sollicitudin&ac=vitae', 69, 9, 40);
insert into animal (id, adoption_date, age, care_info, gender, name, story, tumblr, weight, breed_id, user_id) values (36, '9/8/2016', 8, 'nunc viverra dapibus nulla suscipit ligula in lacus curabitur at ipsum ac tellus semper interdum', 'Female', 'Helen', 'semper rutrum nulla nunc purus phasellus in felis donec semper sapien a libero nam dui', 'http://icio.us/molestie/lorem/quisque/ut/erat/curabitur/gravida.json?vivamus=fusce&vel=congue&nulla=diam&eget=id&eros=ornare&elementum=imperdiet&pellentesque=sapien&quisque=urna&porta=pretium&volutpat=nisl&erat=ut&quisque=volutpat&erat=sapien&eros=arcu&viverra=sed&eget=augue&congue=aliquam&eget=erat&semper=volutpat&rutrum=in&nulla=congue&nunc=etiam&purus=justo&phasellus=etiam&in=pretium&felis=iaculis&donec=justo&semper=in&sapien=hac&a=habitasse&libero=platea&nam=dictumst&dui=etiam&proin=faucibus&leo=cursus&odio=urna&porttitor=ut&id=tellus&consequat=nulla&in=ut&consequat=erat&ut=id&nulla=mauris&sed=vulputate&accumsan=elementum&felis=nullam&ut=varius&at=nulla&dolor=facilisi&quis=cras&odio=non&consequat=velit&varius=nec&integer=nisi&ac=vulputate&leo=nonummy&pellentesque=maecenas&ultrices=tincidunt&mattis=lacus&odio=at&donec=velit&vitae=vivamus&nisi=vel&nam=nulla&ultrices=eget&libero=eros&non=elementum&mattis=pellentesque&pulvinar=quisque&nulla=porta&pede=volutpat&ullamcorper=erat&augue=quisque&a=erat&suscipit=eros&nulla=viverra&elit=eget', 63, 9, 37);
insert into animal (id, adoption_date, age, care_info, gender, name, story, tumblr, weight, breed_id, user_id) values (37, '1/25/2016', 15, 'adipiscing molestie hendrerit at vulputate vitae nisl aenean lectus pellentesque eget nunc', 'Male', 'Jack', 'suscipit ligula in lacus curabitur at ipsum ac tellus semper interdum mauris ullamcorper purus', 'http://omniture.com/potenti.jpg?duis=molestie&at=lorem&velit=quisque&eu=ut&est=erat&congue=curabitur&elementum=gravida&in=nisi&hac=at&habitasse=nibh&platea=in&dictumst=hac&morbi=habitasse&vestibulum=platea&velit=dictumst&id=aliquam&pretium=augue&iaculis=quam&diam=sollicitudin&erat=vitae&fermentum=consectetuer&justo=eget&nec=rutrum&condimentum=at&neque=lorem&sapien=integer&placerat=tincidunt&ante=ante&nulla=vel&justo=ipsum&aliquam=praesent&quis=blandit&turpis=lacinia&eget=erat&elit=vestibulum&sodales=sed&scelerisque=magna&mauris=at&sit=nunc&amet=commodo&eros=placerat&suspendisse=praesent&accumsan=blandit&tortor=nam', 39, 2, 35);
insert into animal (id, adoption_date, age, care_info, gender, name, story, tumblr, weight, breed_id, user_id) values (38, '4/2/2016', 15, 'felis sed lacus morbi sem mauris laoreet ut rhoncus aliquet pulvinar sed nisl', 'Female', 'Dorothy', 'velit vivamus vel nulla eget eros elementum pellentesque quisque porta volutpat', 'https://xrea.com/risus/praesent/lectus.xml?ut=metus&at=sapien&dolor=ut&quis=nunc&odio=vestibulum&consequat=ante&varius=ipsum&integer=primis&ac=in&leo=faucibus&pellentesque=orci&ultrices=luctus&mattis=et&odio=ultrices&donec=posuere&vitae=cubilia&nisi=curae&nam=mauris&ultrices=viverra&libero=diam&non=vitae&mattis=quam&pulvinar=suspendisse&nulla=potenti&pede=nullam&ullamcorper=porttitor&augue=lacus&a=at&suscipit=turpis&nulla=donec&elit=posuere&ac=metus&nulla=vitae&sed=ipsum&vel=aliquam&enim=non&sit=mauris&amet=morbi&nunc=non&viverra=lectus&dapibus=aliquam&nulla=sit&suscipit=amet&ligula=diam&in=in&lacus=magna&curabitur=bibendum&at=imperdiet&ipsum=nullam&ac=orci&tellus=pede&semper=venenatis&interdum=non&mauris=sodales&ullamcorper=sed&purus=tincidunt&sit=eu&amet=felis&nulla=fusce&quisque=posuere&arcu=felis&libero=sed&rutrum=lacus&ac=morbi&lobortis=sem&vel=mauris', 65, 4, 19);
insert into animal (id, adoption_date, age, care_info, gender, name, story, tumblr, weight, breed_id, user_id) values (39, '6/11/2016', 1, 'fermentum donec ut mauris eget massa tempor convallis nulla neque libero convallis eget eleifend luctus ultricies eu nibh', 'Female', 'Diane', 'porttitor lorem id ligula suspendisse ornare consequat lectus in est risus auctor', 'https://purevolume.com/sed.js?nibh=in&in=quis&quis=justo&justo=maecenas&maecenas=rhoncus&rhoncus=aliquam&aliquam=lacus&lacus=morbi&morbi=quis&quis=tortor&tortor=id&id=nulla&nulla=ultrices&ultrices=aliquet&aliquet=maecenas&maecenas=leo&leo=odio&odio=condimentum&condimentum=id&id=luctus&luctus=nec&nec=molestie&molestie=sed&sed=justo&justo=pellentesque&pellentesque=viverra&viverra=pede&pede=ac&ac=diam&diam=cras&cras=pellentesque&pellentesque=volutpat&volutpat=dui&dui=maecenas&maecenas=tristique&tristique=est&est=et&et=tempus&tempus=semper&semper=est&est=quam&quam=pharetra&pharetra=magna&magna=ac&ac=consequat&consequat=metus&metus=sapien&sapien=ut&ut=nunc&nunc=vestibulum&vestibulum=ante&ante=ipsum&ipsum=primis&primis=in&in=faucibus', 73, 5, 28);
insert into animal (id, adoption_date, age, care_info, gender, name, story, tumblr, weight, breed_id, user_id) values (40, '8/12/2016', 8, 'tellus nisi eu orci mauris lacinia sapien quis libero nullam sit amet turpis elementum ligula vehicula consequat morbi a ipsum', 'Female', 'Carolyn', 'vestibulum eget vulputate ut ultrices vel augue vestibulum ante ipsum primis in faucibus orci luctus et', 'https://angelfire.com/sollicitudin/mi/sit/amet.xml?elementum=est&ligula=quam&vehicula=pharetra&consequat=magna&morbi=ac&a=consequat&ipsum=metus&integer=sapien&a=ut&nibh=nunc&in=vestibulum&quis=ante&justo=ipsum&maecenas=primis&rhoncus=in&aliquam=faucibus&lacus=orci&morbi=luctus&quis=et&tortor=ultrices&id=posuere&nulla=cubilia&ultrices=curae&aliquet=mauris&maecenas=viverra&leo=diam&odio=vitae&condimentum=quam&id=suspendisse&luctus=potenti&nec=nullam&molestie=porttitor&sed=lacus&justo=at&pellentesque=turpis&viverra=donec&pede=posuere&ac=metus&diam=vitae&cras=ipsum&pellentesque=aliquam&volutpat=non&dui=mauris&maecenas=morbi&tristique=non&est=lectus&et=aliquam&tempus=sit&semper=amet&est=diam&quam=in&pharetra=magna&magna=bibendum&ac=imperdiet&consequat=nullam&metus=orci&sapien=pede&ut=venenatis&nunc=non&vestibulum=sodales&ante=sed&ipsum=tincidunt&primis=eu&in=felis&faucibus=fusce&orci=posuere&luctus=felis&et=sed&ultrices=lacus&posuere=morbi&cubilia=sem&curae=mauris&mauris=laoreet&viverra=ut&diam=rhoncus&vitae=aliquet&quam=pulvinar&suspendisse=sed&potenti=nisl&nullam=nunc&porttitor=rhoncus&lacus=dui&at=vel&turpis=sem&donec=sed&posuere=sagittis&metus=nam&vitae=congue&ipsum=risus', 57, 6, 48);
insert into animal (id, adoption_date, age, care_info, gender, name, story, tumblr, weight, breed_id, user_id) values (41, '8/6/2016', 9, 'lacinia nisi venenatis tristique fusce congue diam id ornare imperdiet sapien urna', 'Male', 'Gregory', 'at nulla suspendisse potenti cras in purus eu magna vulputate luctus cum sociis natoque penatibus et magnis', 'http://addtoany.com/turpis/a.json?potenti=curae&in=nulla&eleifend=dapibus', 19, 9, 6);
insert into animal (id, adoption_date, age, care_info, gender, name, story, tumblr, weight, breed_id, user_id) values (42, '10/7/2015', 2, 'nec euismod scelerisque quam turpis adipiscing lorem vitae mattis nibh ligula nec sem duis aliquam convallis nunc', 'Male', 'Walter', 'posuere cubilia curae mauris viverra diam vitae quam suspendisse potenti nullam porttitor lacus at turpis donec', 'http://clickbank.net/consequat/varius/integer/ac/leo.jsp?congue=vitae&risus=mattis&semper=nibh&porta=ligula&volutpat=nec&quam=sem&pede=duis&lobortis=aliquam&ligula=convallis&sit=nunc&amet=proin&eleifend=at&pede=turpis&libero=a&quis=pede&orci=posuere&nullam=nonummy&molestie=integer&nibh=non&in=velit&lectus=donec&pellentesque=diam&at=neque&nulla=vestibulum&suspendisse=eget&potenti=vulputate&cras=ut&in=ultrices&purus=vel&eu=augue&magna=vestibulum&vulputate=ante&luctus=ipsum&cum=primis&sociis=in&natoque=faucibus&penatibus=orci&et=luctus&magnis=et&dis=ultrices&parturient=posuere&montes=cubilia&nascetur=curae&ridiculus=donec&mus=pharetra&vivamus=magna&vestibulum=vestibulum&sagittis=aliquet&sapien=ultrices&cum=erat&sociis=tortor', 62, 7, 15);
insert into animal (id, adoption_date, age, care_info, gender, name, story, tumblr, weight, breed_id, user_id) values (43, '7/16/2016', 12, 'iaculis congue vivamus metus arcu adipiscing molestie hendrerit at vulputate vitae nisl aenean lectus pellentesque eget nunc', 'Male', 'Douglas', 'consectetuer adipiscing elit proin risus praesent lectus vestibulum quam sapien varius ut blandit non interdum in ante', 'http://twitpic.com/odio/curabitur.aspx?amet=elit&eros=proin&suspendisse=interdum&accumsan=mauris&tortor=non&quis=ligula&turpis=pellentesque&sed=ultrices&ante=phasellus&vivamus=id&tortor=sapien&duis=in&mattis=sapien&egestas=iaculis&metus=congue&aenean=vivamus&fermentum=metus&donec=arcu&ut=adipiscing&mauris=molestie&eget=hendrerit&massa=at&tempor=vulputate&convallis=vitae&nulla=nisl&neque=aenean&libero=lectus&convallis=pellentesque&eget=eget&eleifend=nunc&luctus=donec&ultricies=quis&eu=orci&nibh=eget&quisque=orci&id=vehicula&justo=condimentum&sit=curabitur&amet=in&sapien=libero&dignissim=ut&vestibulum=massa&vestibulum=volutpat&ante=convallis&ipsum=morbi&primis=odio&in=odio&faucibus=elementum&orci=eu&luctus=interdum&et=eu&ultrices=tincidunt&posuere=in&cubilia=leo&curae=maecenas&nulla=pulvinar&dapibus=lobortis&dolor=est&vel=phasellus&est=sit&donec=amet&odio=erat&justo=nulla&sollicitudin=tempus&ut=vivamus&suscipit=in&a=felis&feugiat=eu&et=sapien&eros=cursus&vestibulum=vestibulum&ac=proin&est=eu&lacinia=mi&nisi=nulla&venenatis=ac&tristique=enim&fusce=in&congue=tempor&diam=turpis&id=nec&ornare=euismod&imperdiet=scelerisque&sapien=quam&urna=turpis&pretium=adipiscing&nisl=lorem&ut=vitae&volutpat=mattis&sapien=nibh&arcu=ligula&sed=nec&augue=sem&aliquam=duis&erat=aliquam&volutpat=convallis&in=nunc', 15, 3, 4);
insert into animal (id, adoption_date, age, care_info, gender, name, story, tumblr, weight, breed_id, user_id) values (44, '8/19/2016', 10, 'leo odio porttitor id consequat in consequat ut nulla sed accumsan felis ut', 'Female', 'Susan', 'cum sociis natoque penatibus et magnis dis parturient montes nascetur ridiculus mus vivamus vestibulum', 'https://intel.com/ridiculus/mus/etiam/vel/augue/vestibulum.aspx?nec=gravida&sem=nisi&duis=at&aliquam=nibh&convallis=in&nunc=hac&proin=habitasse&at=platea&turpis=dictumst&a=aliquam&pede=augue&posuere=quam&nonummy=sollicitudin&integer=vitae&non=consectetuer&velit=eget&donec=rutrum&diam=at&neque=lorem&vestibulum=integer&eget=tincidunt&vulputate=ante&ut=vel&ultrices=ipsum&vel=praesent&augue=blandit&vestibulum=lacinia&ante=erat&ipsum=vestibulum&primis=sed&in=magna&faucibus=at&orci=nunc&luctus=commodo&et=placerat&ultrices=praesent&posuere=blandit&cubilia=nam&curae=nulla&donec=integer&pharetra=pede&magna=justo&vestibulum=lacinia&aliquet=eget&ultrices=tincidunt&erat=eget&tortor=tempus&sollicitudin=vel&mi=pede&sit=morbi&amet=porttitor&lobortis=lorem&sapien=id&sapien=ligula&non=suspendisse&mi=ornare&integer=consequat&ac=lectus&neque=in&duis=est&bibendum=risus&morbi=auctor&non=sed&quam=tristique&nec=in&dui=tempus&luctus=sit&rutrum=amet&nulla=sem&tellus=fusce&in=consequat&sagittis=nulla&dui=nisl&vel=nunc&nisl=nisl&duis=duis&ac=bibendum&nibh=felis&fusce=sed&lacus=interdum&purus=venenatis&aliquet=turpis&at=enim&feugiat=blandit&non=mi', 30, 4, 72);
insert into animal (id, adoption_date, age, care_info, gender, name, story, tumblr, weight, breed_id, user_id) values (45, '1/6/2016', 8, 'tincidunt lacus at velit vivamus vel nulla eget eros elementum pellentesque quisque', 'Male', 'Matthew', 'ante ipsum primis in faucibus orci luctus et ultrices posuere cubilia', 'https://imdb.com/nascetur/ridiculus/mus/etiam/vel/augue/vestibulum.html?convallis=justo&nunc=etiam&proin=pretium&at=iaculis&turpis=justo&a=in&pede=hac&posuere=habitasse&nonummy=platea&integer=dictumst&non=etiam&velit=faucibus&donec=cursus&diam=urna&neque=ut&vestibulum=tellus&eget=nulla&vulputate=ut&ut=erat&ultrices=id', 45, 7, 27);
insert into animal (id, adoption_date, age, care_info, gender, name, story, tumblr, weight, breed_id, user_id) values (46, '7/23/2016', 5, 'ac consequat metus sapien ut nunc vestibulum ante ipsum primis in', 'Male', 'Michael', 'ligula sit amet eleifend pede libero quis orci nullam molestie nibh in lectus pellentesque at nulla suspendisse', 'https://china.com.cn/nunc/purus/phasellus/in/felis.aspx?lacus=congue&at=elementum&velit=in&vivamus=hac&vel=habitasse&nulla=platea&eget=dictumst&eros=morbi&elementum=vestibulum&pellentesque=velit&quisque=id&porta=pretium&volutpat=iaculis&erat=diam&quisque=erat&erat=fermentum&eros=justo&viverra=nec&eget=condimentum&congue=neque&eget=sapien&semper=placerat&rutrum=ante&nulla=nulla&nunc=justo&purus=aliquam&phasellus=quis&in=turpis&felis=eget&donec=elit&semper=sodales&sapien=scelerisque&a=mauris&libero=sit&nam=amet&dui=eros&proin=suspendisse&leo=accumsan&odio=tortor&porttitor=quis&id=turpis&consequat=sed&in=ante&consequat=vivamus&ut=tortor&nulla=duis&sed=mattis&accumsan=egestas&felis=metus&ut=aenean&at=fermentum&dolor=donec&quis=ut&odio=mauris&consequat=eget&varius=massa&integer=tempor&ac=convallis&leo=nulla&pellentesque=neque&ultrices=libero&mattis=convallis&odio=eget&donec=eleifend&vitae=luctus&nisi=ultricies&nam=eu', 36, 6, 63);
insert into animal (id, adoption_date, age, care_info, gender, name, story, tumblr, weight, breed_id, user_id) values (47, '3/6/2016', 5, 'nulla quisque arcu libero rutrum ac lobortis vel dapibus at', 'Female', 'Evelyn', 'platea dictumst etiam faucibus cursus urna ut tellus nulla ut erat id mauris vulputate elementum nullam varius nulla facilisi cras', 'https://histats.com/nulla/ac/enim/in/tempor/turpis.png?vestibulum=erat&quam=nulla&sapien=tempus&varius=vivamus&ut=in&blandit=felis&non=eu&interdum=sapien&in=cursus&ante=vestibulum', 22, 7, 24);
insert into animal (id, adoption_date, age, care_info, gender, name, story, tumblr, weight, breed_id, user_id) values (48, '2/12/2016', 7, 'lorem quisque ut erat curabitur gravida nisi at nibh in hac', 'Male', 'Gary', 'sit amet eros suspendisse accumsan tortor quis turpis sed ante vivamus tortor duis mattis egestas', 'http://privacy.gov.au/aliquam/lacus/morbi/quis.png?at=in&ipsum=hac', 6, 10, 58);
insert into animal (id, adoption_date, age, care_info, gender, name, story, tumblr, weight, breed_id, user_id) values (49, '5/12/2016', 5, 'amet diam in magna bibendum imperdiet nullam orci pede venenatis non sodales sed tincidunt eu felis fusce', 'Female', 'Evelyn', 'feugiat non pretium quis lectus suspendisse potenti in eleifend quam a odio in hac habitasse platea dictumst maecenas ut massa', 'http://shop-pro.jp/orci/luctus/et/ultrices/posuere.js?pellentesque=nunc&at=donec&nulla=quis&suspendisse=orci&potenti=eget&cras=orci&in=vehicula&purus=condimentum&eu=curabitur&magna=in&vulputate=libero&luctus=ut&cum=massa&sociis=volutpat&natoque=convallis&penatibus=morbi&et=odio&magnis=odio&dis=elementum&parturient=eu&montes=interdum&nascetur=eu&ridiculus=tincidunt&mus=in&vivamus=leo&vestibulum=maecenas&sagittis=pulvinar&sapien=lobortis&cum=est&sociis=phasellus&natoque=sit&penatibus=amet&et=erat&magnis=nulla&dis=tempus&parturient=vivamus&montes=in&nascetur=felis&ridiculus=eu&mus=sapien&etiam=cursus&vel=vestibulum&augue=proin&vestibulum=eu&rutrum=mi&rutrum=nulla&neque=ac&aenean=enim&auctor=in&gravida=tempor&sem=turpis&praesent=nec&id=euismod&massa=scelerisque&id=quam&nisl=turpis&venenatis=adipiscing&lacinia=lorem&aenean=vitae&sit=mattis&amet=nibh&justo=ligula&morbi=nec&ut=sem&odio=duis&cras=aliquam&mi=convallis&pede=nunc&malesuada=proin&in=at&imperdiet=turpis&et=a&commodo=pede&vulputate=posuere&justo=nonummy&in=integer&blandit=non&ultrices=velit&enim=donec&lorem=diam&ipsum=neque&dolor=vestibulum&sit=eget&amet=vulputate&consectetuer=ut&adipiscing=ultrices&elit=vel&proin=augue', 15, 6, 60);
insert into animal (id, adoption_date, age, care_info, gender, name, story, tumblr, weight, breed_id, user_id) values (50, '3/8/2016', 2, 'lacus morbi quis tortor id nulla ultrices aliquet maecenas leo odio condimentum id luctus nec molestie sed', 'Male', 'Russell', 'odio odio elementum eu interdum eu tincidunt in leo maecenas pulvinar lobortis est phasellus sit amet erat nulla tempus vivamus', 'http://nsw.gov.au/erat/tortor/sollicitudin/mi.jpg?dapibus=ut&duis=nunc&at=vestibulum&velit=ante&eu=ipsum&est=primis&congue=in&elementum=faucibus&in=orci&hac=luctus&habitasse=et&platea=ultrices&dictumst=posuere&morbi=cubilia&vestibulum=curae&velit=mauris&id=viverra&pretium=diam&iaculis=vitae&diam=quam&erat=suspendisse&fermentum=potenti&justo=nullam&nec=porttitor&condimentum=lacus&neque=at&sapien=turpis&placerat=donec&ante=posuere&nulla=metus&justo=vitae&aliquam=ipsum&quis=aliquam&turpis=non&eget=mauris&elit=morbi&sodales=non&scelerisque=lectus&mauris=aliquam&sit=sit&amet=amet&eros=diam&suspendisse=in&accumsan=magna&tortor=bibendum&quis=imperdiet&turpis=nullam&sed=orci&ante=pede&vivamus=venenatis&tortor=non&duis=sodales&mattis=sed&egestas=tincidunt&metus=eu&aenean=felis&fermentum=fusce&donec=posuere&ut=felis&mauris=sed&eget=lacus&massa=morbi&tempor=sem&convallis=mauris&nulla=laoreet&neque=ut&libero=rhoncus&convallis=aliquet&eget=pulvinar&eleifend=sed&luctus=nisl&ultricies=nunc&eu=rhoncus&nibh=dui&quisque=vel&id=sem&justo=sed&sit=sagittis&amet=nam&sapien=congue&dignissim=risus&vestibulum=semper&vestibulum=porta&ante=volutpat&ipsum=quam&primis=pede&in=lobortis&faucibus=ligula&orci=sit', 1, 7, 21);
insert into animal (id, adoption_date, age, care_info, gender, name, story, tumblr, weight, breed_id, user_id) values (51, '11/16/2015', 9, 'ligula suspendisse ornare consequat lectus in est risus auctor sed tristique in tempus sit amet sem fusce consequat', 'Male', 'Wayne', 'lorem integer tincidunt ante vel ipsum praesent blandit lacinia erat vestibulum sed magna', 'https://typepad.com/justo/maecenas/rhoncus/aliquam/lacus/morbi/quis.xml?praesent=primis&blandit=in&nam=faucibus&nulla=orci&integer=luctus&pede=et&justo=ultrices&lacinia=posuere&eget=cubilia&tincidunt=curae&eget=duis&tempus=faucibus&vel=accumsan', 8, 2, 12);
insert into animal (id, adoption_date, age, care_info, gender, name, story, tumblr, weight, breed_id, user_id) values (52, '2/19/2016', 4, 'a feugiat et eros vestibulum ac est lacinia nisi venenatis tristique fusce', 'Female', 'Jessica', 'eros vestibulum ac est lacinia nisi venenatis tristique fusce congue diam id ornare imperdiet sapien urna', 'https://freewebs.com/praesent/blandit/nam.js?dictumst=duis&maecenas=consequat&ut=dui&massa=nec&quis=nisi&augue=volutpat&luctus=eleifend&tincidunt=donec&nulla=ut&mollis=dolor&molestie=morbi&lorem=vel&quisque=lectus&ut=in&erat=quam&curabitur=fringilla&gravida=rhoncus&nisi=mauris&at=enim&nibh=leo&in=rhoncus&hac=sed&habitasse=vestibulum&platea=sit', 13, 6, 65);
insert into animal (id, adoption_date, age, care_info, gender, name, story, tumblr, weight, breed_id, user_id) values (53, '9/6/2016', 2, 'aliquet maecenas leo odio condimentum id luctus nec molestie sed justo pellentesque viverra pede ac diam cras', 'Female', 'Martha', 'sit amet consectetuer adipiscing elit proin interdum mauris non ligula pellentesque ultrices', 'https://shutterfly.com/at/feugiat/non/pretium/quis/lectus.json?ut=potenti&blandit=cras&non=in&interdum=purus&in=eu&ante=magna&vestibulum=vulputate&ante=luctus&ipsum=cum&primis=sociis&in=natoque&faucibus=penatibus&orci=et&luctus=magnis&et=dis&ultrices=parturient&posuere=montes&cubilia=nascetur&curae=ridiculus&duis=mus&faucibus=vivamus&accumsan=vestibulum&odio=sagittis&curabitur=sapien&convallis=cum&duis=sociis&consequat=natoque&dui=penatibus&nec=et&nisi=magnis&volutpat=dis&eleifend=parturient&donec=montes&ut=nascetur&dolor=ridiculus&morbi=mus&vel=etiam&lectus=vel&in=augue&quam=vestibulum&fringilla=rutrum&rhoncus=rutrum&mauris=neque&enim=aenean', 16, 1, 36);
insert into animal (id, adoption_date, age, care_info, gender, name, story, tumblr, weight, breed_id, user_id) values (54, '9/13/2016', 12, 'vel nulla eget eros elementum pellentesque quisque porta volutpat erat', 'Male', 'Albert', 'neque vestibulum eget vulputate ut ultrices vel augue vestibulum ante ipsum primis', 'https://topsy.com/cras/non/velit/nec/nisi/vulputate/nonummy.jsp?ultrices=aliquam&posuere=lacus&cubilia=morbi&curae=quis&duis=tortor&faucibus=id&accumsan=nulla&odio=ultrices&curabitur=aliquet&convallis=maecenas&duis=leo&consequat=odio&dui=condimentum&nec=id&nisi=luctus&volutpat=nec&eleifend=molestie&donec=sed&ut=justo&dolor=pellentesque&morbi=viverra&vel=pede&lectus=ac&in=diam&quam=cras&fringilla=pellentesque&rhoncus=volutpat&mauris=dui&enim=maecenas&leo=tristique&rhoncus=est&sed=et&vestibulum=tempus&sit=semper&amet=est&cursus=quam&id=pharetra&turpis=magna&integer=ac&aliquet=consequat&massa=metus&id=sapien&lobortis=ut&convallis=nunc&tortor=vestibulum&risus=ante&dapibus=ipsum&augue=primis&vel=in&accumsan=faucibus&tellus=orci&nisi=luctus&eu=et&orci=ultrices&mauris=posuere&lacinia=cubilia&sapien=curae&quis=mauris&libero=viverra&nullam=diam&sit=vitae&amet=quam&turpis=suspendisse&elementum=potenti&ligula=nullam&vehicula=porttitor&consequat=lacus&morbi=at&a=turpis&ipsum=donec&integer=posuere&a=metus&nibh=vitae', 41, 9, 4);
insert into animal (id, adoption_date, age, care_info, gender, name, story, tumblr, weight, breed_id, user_id) values (55, '12/5/2015', 2, 'lorem vitae mattis nibh ligula nec sem duis aliquam convallis nunc proin at turpis a pede', 'Female', 'Marilyn', 'eu sapien cursus vestibulum proin eu mi nulla ac enim in tempor', 'http://blinklist.com/justo/etiam.jpg?morbi=eu&non=sapien&lectus=cursus&aliquam=vestibulum&sit=proin&amet=eu&diam=mi&in=nulla&magna=ac&bibendum=enim&imperdiet=in&nullam=tempor&orci=turpis&pede=nec&venenatis=euismod&non=scelerisque&sodales=quam&sed=turpis&tincidunt=adipiscing&eu=lorem&felis=vitae&fusce=mattis&posuere=nibh&felis=ligula&sed=nec&lacus=sem&morbi=duis&sem=aliquam&mauris=convallis&laoreet=nunc&ut=proin&rhoncus=at&aliquet=turpis&pulvinar=a&sed=pede&nisl=posuere&nunc=nonummy&rhoncus=integer&dui=non&vel=velit&sem=donec&sed=diam&sagittis=neque&nam=vestibulum&congue=eget&risus=vulputate&semper=ut&porta=ultrices&volutpat=vel&quam=augue&pede=vestibulum&lobortis=ante&ligula=ipsum&sit=primis&amet=in&eleifend=faucibus', 3, 10, 19);
insert into animal (id, adoption_date, age, care_info, gender, name, story, tumblr, weight, breed_id, user_id) values (56, '10/15/2015', 6, 'hac habitasse platea dictumst aliquam augue quam sollicitudin vitae consectetuer eget rutrum at lorem integer tincidunt ante vel', 'Male', 'Walter', 'ipsum integer a nibh in quis justo maecenas rhoncus aliquam lacus morbi quis tortor id nulla ultrices aliquet maecenas', 'https://furl.net/vestibulum/sed.jsp?tempus=morbi&semper=odio&est=odio&quam=elementum&pharetra=eu&magna=interdum&ac=eu&consequat=tincidunt&metus=in&sapien=leo&ut=maecenas&nunc=pulvinar', 51, 11, 67);
insert into animal (id, adoption_date, age, care_info, gender, name, story, tumblr, weight, breed_id, user_id) values (57, '10/14/2015', 4, 'ipsum praesent blandit lacinia erat vestibulum sed magna at nunc commodo placerat praesent blandit nam nulla integer pede justo', 'Male', 'Larry', 'vestibulum sit amet cursus id turpis integer aliquet massa id lobortis convallis', 'https://bbc.co.uk/ligula.jsp?vulputate=pede&luctus=justo&cum=eu&sociis=massa&natoque=donec&penatibus=dapibus&et=duis&magnis=at&dis=velit&parturient=eu&montes=est&nascetur=congue&ridiculus=elementum&mus=in&vivamus=hac&vestibulum=habitasse&sagittis=platea&sapien=dictumst&cum=morbi&sociis=vestibulum&natoque=velit&penatibus=id&et=pretium&magnis=iaculis&dis=diam&parturient=erat&montes=fermentum&nascetur=justo&ridiculus=nec&mus=condimentum&etiam=neque&vel=sapien&augue=placerat&vestibulum=ante&rutrum=nulla&rutrum=justo&neque=aliquam&aenean=quis&auctor=turpis&gravida=eget&sem=elit&praesent=sodales&id=scelerisque&massa=mauris&id=sit&nisl=amet&venenatis=eros&lacinia=suspendisse&aenean=accumsan&sit=tortor&amet=quis&justo=turpis&morbi=sed&ut=ante&odio=vivamus&cras=tortor&mi=duis&pede=mattis&malesuada=egestas&in=metus&imperdiet=aenean&et=fermentum&commodo=donec&vulputate=ut&justo=mauris&in=eget&blandit=massa&ultrices=tempor&enim=convallis&lorem=nulla&ipsum=neque&dolor=libero&sit=convallis&amet=eget&consectetuer=eleifend&adipiscing=luctus&elit=ultricies&proin=eu&interdum=nibh&mauris=quisque&non=id&ligula=justo&pellentesque=sit&ultrices=amet&phasellus=sapien&id=dignissim&sapien=vestibulum&in=vestibulum&sapien=ante&iaculis=ipsum&congue=primis&vivamus=in&metus=faucibus&arcu=orci&adipiscing=luctus&molestie=et&hendrerit=ultrices&at=posuere', 41, 7, 64);
insert into animal (id, adoption_date, age, care_info, gender, name, story, tumblr, weight, breed_id, user_id) values (58, '11/8/2015', 3, 'ullamcorper purus sit amet nulla quisque arcu libero rutrum ac lobortis vel dapibus at diam nam tristique', 'Female', 'Lois', 'quis augue luctus tincidunt nulla mollis molestie lorem quisque ut erat curabitur gravida', 'http://webmd.com/interdum/mauris/ullamcorper/purus/sit.jsp?at=facilisi&nulla=cras&suspendisse=non&potenti=velit&cras=nec&in=nisi', 73, 2, 1);
insert into animal (id, adoption_date, age, care_info, gender, name, story, tumblr, weight, breed_id, user_id) values (59, '12/30/2015', 12, 'justo sollicitudin ut suscipit a feugiat et eros vestibulum ac est lacinia nisi venenatis tristique fusce congue', 'Male', 'Arthur', 'curabitur gravida nisi at nibh in hac habitasse platea dictumst aliquam augue quam', 'https://xinhuanet.com/proin.jsp?hac=proin&habitasse=risus&platea=praesent&dictumst=lectus&etiam=vestibulum&faucibus=quam&cursus=sapien&urna=varius&ut=ut&tellus=blandit&nulla=non&ut=interdum&erat=in&id=ante&mauris=vestibulum&vulputate=ante&elementum=ipsum&nullam=primis&varius=in&nulla=faucibus&facilisi=orci&cras=luctus&non=et&velit=ultrices&nec=posuere&nisi=cubilia&vulputate=curae&nonummy=duis&maecenas=faucibus&tincidunt=accumsan&lacus=odio&at=curabitur&velit=convallis&vivamus=duis&vel=consequat&nulla=dui&eget=nec&eros=nisi&elementum=volutpat&pellentesque=eleifend&quisque=donec&porta=ut&volutpat=dolor&erat=morbi&quisque=vel&erat=lectus&eros=in&viverra=quam&eget=fringilla&congue=rhoncus&eget=mauris&semper=enim&rutrum=leo&nulla=rhoncus&nunc=sed&purus=vestibulum&phasellus=sit&in=amet&felis=cursus&donec=id&semper=turpis&sapien=integer&a=aliquet&libero=massa&nam=id&dui=lobortis&proin=convallis&leo=tortor&odio=risus&porttitor=dapibus&id=augue&consequat=vel&in=accumsan&consequat=tellus&ut=nisi&nulla=eu&sed=orci&accumsan=mauris&felis=lacinia', 71, 7, 44);
insert into animal (id, adoption_date, age, care_info, gender, name, story, tumblr, weight, breed_id, user_id) values (60, '3/5/2016', 1, 'blandit lacinia erat vestibulum sed magna at nunc commodo placerat praesent blandit nam nulla integer pede justo lacinia eget tincidunt', 'Female', 'Kathy', 'eros viverra eget congue eget semper rutrum nulla nunc purus phasellus in felis donec semper sapien a', 'http://eventbrite.com/sem/duis/aliquam.js?justo=nonummy&aliquam=maecenas&quis=tincidunt&turpis=lacus&eget=at&elit=velit&sodales=vivamus&scelerisque=vel&mauris=nulla&sit=eget&amet=eros&eros=elementum&suspendisse=pellentesque&accumsan=quisque&tortor=porta&quis=volutpat&turpis=erat&sed=quisque&ante=erat&vivamus=eros&tortor=viverra&duis=eget&mattis=congue&egestas=eget&metus=semper&aenean=rutrum&fermentum=nulla&donec=nunc&ut=purus&mauris=phasellus&eget=in&massa=felis&tempor=donec&convallis=semper&nulla=sapien&neque=a&libero=libero&convallis=nam&eget=dui&eleifend=proin&luctus=leo&ultricies=odio&eu=porttitor&nibh=id&quisque=consequat&id=in&justo=consequat&sit=ut&amet=nulla&sapien=sed&dignissim=accumsan&vestibulum=felis&vestibulum=ut&ante=at&ipsum=dolor&primis=quis&in=odio&faucibus=consequat&orci=varius&luctus=integer&et=ac&ultrices=leo&posuere=pellentesque&cubilia=ultrices&curae=mattis&nulla=odio&dapibus=donec&dolor=vitae&vel=nisi&est=nam&donec=ultrices&odio=libero&justo=non&sollicitudin=mattis&ut=pulvinar&suscipit=nulla&a=pede&feugiat=ullamcorper&et=augue&eros=a&vestibulum=suscipit&ac=nulla&est=elit&lacinia=ac&nisi=nulla&venenatis=sed&tristique=vel', 71, 8, 56);
insert into animal (id, adoption_date, age, care_info, gender, name, story, tumblr, weight, breed_id, user_id) values (61, '7/19/2016', 3, 'turpis a pede posuere nonummy integer non velit donec diam neque vestibulum eget vulputate', 'Male', 'John', 'libero ut massa volutpat convallis morbi odio odio elementum eu interdum eu tincidunt in leo maecenas pulvinar lobortis est', 'http://abc.net.au/pharetra/magna.jsp?quis=platea&turpis=dictumst&eget=morbi&elit=vestibulum&sodales=velit&scelerisque=id&mauris=pretium&sit=iaculis&amet=diam&eros=erat&suspendisse=fermentum&accumsan=justo&tortor=nec&quis=condimentum&turpis=neque&sed=sapien&ante=placerat&vivamus=ante&tortor=nulla&duis=justo&mattis=aliquam&egestas=quis&metus=turpis&aenean=eget&fermentum=elit&donec=sodales&ut=scelerisque&mauris=mauris&eget=sit&massa=amet&tempor=eros&convallis=suspendisse&nulla=accumsan&neque=tortor&libero=quis&convallis=turpis&eget=sed&eleifend=ante&luctus=vivamus&ultricies=tortor&eu=duis&nibh=mattis&quisque=egestas&id=metus&justo=aenean&sit=fermentum&amet=donec&sapien=ut&dignissim=mauris&vestibulum=eget&vestibulum=massa&ante=tempor&ipsum=convallis&primis=nulla&in=neque&faucibus=libero&orci=convallis&luctus=eget&et=eleifend&ultrices=luctus', 73, 9, 32);
insert into animal (id, adoption_date, age, care_info, gender, name, story, tumblr, weight, breed_id, user_id) values (62, '9/9/2016', 6, 'nullam varius nulla facilisi cras non velit nec nisi vulputate nonummy maecenas tincidunt lacus at velit vivamus', 'Male', 'Russell', 'diam id ornare imperdiet sapien urna pretium nisl ut volutpat', 'http://theguardian.com/at/dolor/quis/odio/consequat/varius.jpg?mi=nunc&integer=nisl&ac=duis&neque=bibendum&duis=felis&bibendum=sed', 6, 2, 64);
insert into animal (id, adoption_date, age, care_info, gender, name, story, tumblr, weight, breed_id, user_id) values (63, '9/16/2016', 2, 'vel est donec odio justo sollicitudin ut suscipit a feugiat et eros vestibulum ac', 'Female', 'Betty', 'ligula in lacus curabitur at ipsum ac tellus semper interdum mauris ullamcorper purus sit amet nulla quisque arcu libero', 'https://yale.edu/vitae/ipsum/aliquam.aspx?mus=ante&vivamus=ipsum&vestibulum=primis&sagittis=in&sapien=faucibus&cum=orci&sociis=luctus&natoque=et&penatibus=ultrices&et=posuere&magnis=cubilia&dis=curae&parturient=nulla&montes=dapibus&nascetur=dolor&ridiculus=vel&mus=est&etiam=donec&vel=odio&augue=justo&vestibulum=sollicitudin&rutrum=ut&rutrum=suscipit&neque=a&aenean=feugiat&auctor=et&gravida=eros&sem=vestibulum&praesent=ac&id=est&massa=lacinia&id=nisi&nisl=venenatis&venenatis=tristique&lacinia=fusce&aenean=congue&sit=diam&amet=id&justo=ornare&morbi=imperdiet&ut=sapien&odio=urna&cras=pretium&mi=nisl&pede=ut&malesuada=volutpat&in=sapien&imperdiet=arcu&et=sed&commodo=augue&vulputate=aliquam&justo=erat&in=volutpat&blandit=in&ultrices=congue&enim=etiam&lorem=justo', 20, 12, 17);
insert into animal (id, adoption_date, age, care_info, gender, name, story, tumblr, weight, breed_id, user_id) values (64, '8/13/2016', 2, 'sit amet consectetuer adipiscing elit proin interdum mauris non ligula pellentesque ultrices phasellus', 'Male', 'Gregory', 'quam a odio in hac habitasse platea dictumst maecenas ut massa quis augue luctus tincidunt nulla', 'http://printfriendly.com/aliquam/sit/amet.jpg?tempor=duis&convallis=mattis&nulla=egestas&neque=metus&libero=aenean&convallis=fermentum&eget=donec&eleifend=ut&luctus=mauris&ultricies=eget&eu=massa&nibh=tempor&quisque=convallis&id=nulla&justo=neque&sit=libero&amet=convallis&sapien=eget&dignissim=eleifend&vestibulum=luctus&vestibulum=ultricies&ante=eu&ipsum=nibh&primis=quisque&in=id&faucibus=justo&orci=sit&luctus=amet&et=sapien&ultrices=dignissim&posuere=vestibulum&cubilia=vestibulum&curae=ante&nulla=ipsum&dapibus=primis&dolor=in&vel=faucibus&est=orci&donec=luctus&odio=et&justo=ultrices&sollicitudin=posuere&ut=cubilia&suscipit=curae&a=nulla&feugiat=dapibus&et=dolor', 32, 8, 19);
insert into animal (id, adoption_date, age, care_info, gender, name, story, tumblr, weight, breed_id, user_id) values (65, '1/31/2016', 3, 'pede libero quis orci nullam molestie nibh in lectus pellentesque at nulla', 'Female', 'Janice', 'nulla tempus vivamus in felis eu sapien cursus vestibulum proin eu mi nulla ac enim in tempor turpis nec euismod', 'http://ycombinator.com/tempus/vel/pede/morbi.jsp?ridiculus=lacus&mus=morbi&etiam=sem&vel=mauris&augue=laoreet&vestibulum=ut&rutrum=rhoncus&rutrum=aliquet&neque=pulvinar&aenean=sed&auctor=nisl&gravida=nunc&sem=rhoncus&praesent=dui&id=vel&massa=sem&id=sed&nisl=sagittis&venenatis=nam&lacinia=congue&aenean=risus&sit=semper&amet=porta&justo=volutpat&morbi=quam&ut=pede&odio=lobortis&cras=ligula&mi=sit&pede=amet&malesuada=eleifend&in=pede&imperdiet=libero&et=quis&commodo=orci&vulputate=nullam&justo=molestie&in=nibh&blandit=in&ultrices=lectus&enim=pellentesque&lorem=at&ipsum=nulla&dolor=suspendisse&sit=potenti&amet=cras&consectetuer=in&adipiscing=purus&elit=eu&proin=magna&interdum=vulputate&mauris=luctus&non=cum&ligula=sociis', 57, 10, 21);
insert into animal (id, adoption_date, age, care_info, gender, name, story, tumblr, weight, breed_id, user_id) values (66, '5/1/2016', 12, 'phasellus sit amet erat nulla tempus vivamus in felis eu sapien cursus vestibulum proin eu mi nulla ac enim', 'Male', 'Victor', 'ante vivamus tortor duis mattis egestas metus aenean fermentum donec ut mauris', 'http://hc360.com/dolor/vel/est/donec.aspx?augue=feugiat&vestibulum=et&rutrum=eros&rutrum=vestibulum', 39, 4, 52);
insert into animal (id, adoption_date, age, care_info, gender, name, story, tumblr, weight, breed_id, user_id) values (67, '4/1/2016', 10, 'tristique est et tempus semper est quam pharetra magna ac consequat metus sapien ut nunc vestibulum ante', 'Male', 'Bruce', 'mattis nibh ligula nec sem duis aliquam convallis nunc proin at turpis a pede posuere', 'http://prweb.com/gravida/sem.json?libero=amet', 49, 7, 59);
insert into animal (id, adoption_date, age, care_info, gender, name, story, tumblr, weight, breed_id, user_id) values (68, '12/23/2015', 9, 'curae donec pharetra magna vestibulum aliquet ultrices erat tortor sollicitudin mi sit amet lobortis sapien sapien non mi', 'Female', 'Ashley', 'molestie lorem quisque ut erat curabitur gravida nisi at nibh in hac habitasse platea dictumst aliquam augue', 'https://dropbox.com/donec/pharetra.jsp?pellentesque=quam&eget=sollicitudin&nunc=vitae&donec=consectetuer&quis=eget&orci=rutrum&eget=at&orci=lorem&vehicula=integer&condimentum=tincidunt&curabitur=ante&in=vel&libero=ipsum&ut=praesent&massa=blandit&volutpat=lacinia&convallis=erat&morbi=vestibulum&odio=sed&odio=magna&elementum=at&eu=nunc&interdum=commodo&eu=placerat&tincidunt=praesent&in=blandit&leo=nam&maecenas=nulla&pulvinar=integer&lobortis=pede&est=justo&phasellus=lacinia&sit=eget&amet=tincidunt&erat=eget&nulla=tempus&tempus=vel&vivamus=pede&in=morbi&felis=porttitor&eu=lorem&sapien=id&cursus=ligula&vestibulum=suspendisse&proin=ornare&eu=consequat&mi=lectus&nulla=in&ac=est&enim=risus&in=auctor&tempor=sed&turpis=tristique&nec=in&euismod=tempus&scelerisque=sit&quam=amet&turpis=sem&adipiscing=fusce&lorem=consequat&vitae=nulla&mattis=nisl&nibh=nunc&ligula=nisl&nec=duis&sem=bibendum&duis=felis&aliquam=sed&convallis=interdum&nunc=venenatis&proin=turpis&at=enim&turpis=blandit&a=mi&pede=in&posuere=porttitor&nonummy=pede&integer=justo&non=eu&velit=massa&donec=donec&diam=dapibus&neque=duis', 1, 3, 23);
insert into animal (id, adoption_date, age, care_info, gender, name, story, tumblr, weight, breed_id, user_id) values (69, '12/22/2015', 2, 'dictumst morbi vestibulum velit id pretium iaculis diam erat fermentum justo nec condimentum neque sapien placerat', 'Male', 'Gary', 'enim lorem ipsum dolor sit amet consectetuer adipiscing elit proin interdum', 'https://noaa.gov/aliquam.jsp?pellentesque=lectus&ultrices=pellentesque&phasellus=eget&id=nunc&sapien=donec&in=quis&sapien=orci&iaculis=eget', 55, 9, 49);
insert into animal (id, adoption_date, age, care_info, gender, name, story, tumblr, weight, breed_id, user_id) values (70, '8/23/2016', 12, 'mauris ullamcorper purus sit amet nulla quisque arcu libero rutrum ac lobortis vel dapibus', 'Female', 'Betty', 'urna ut tellus nulla ut erat id mauris vulputate elementum nullam varius nulla facilisi cras non velit nec', 'http://ovh.net/quis/augue.aspx?eget=vel&massa=augue&tempor=vestibulum&convallis=rutrum&nulla=rutrum&neque=neque&libero=aenean&convallis=auctor&eget=gravida&eleifend=sem&luctus=praesent&ultricies=id&eu=massa&nibh=id&quisque=nisl&id=venenatis&justo=lacinia&sit=aenean&amet=sit&sapien=amet&dignissim=justo&vestibulum=morbi&vestibulum=ut&ante=odio&ipsum=cras&primis=mi&in=pede&faucibus=malesuada&orci=in&luctus=imperdiet&et=et&ultrices=commodo&posuere=vulputate&cubilia=justo&curae=in&nulla=blandit&dapibus=ultrices&dolor=enim&vel=lorem&est=ipsum&donec=dolor&odio=sit&justo=amet&sollicitudin=consectetuer&ut=adipiscing&suscipit=elit&a=proin&feugiat=interdum&et=mauris&eros=non&vestibulum=ligula&ac=pellentesque&est=ultrices&lacinia=phasellus&nisi=id&venenatis=sapien&tristique=in&fusce=sapien&congue=iaculis&diam=congue&id=vivamus&ornare=metus', 69, 1, 58);
insert into animal (id, adoption_date, age, care_info, gender, name, story, tumblr, weight, breed_id, user_id) values (71, '3/30/2016', 10, 'dolor quis odio consequat varius integer ac leo pellentesque ultrices mattis odio donec vitae nisi nam ultrices libero non', 'Female', 'Jacqueline', 'interdum venenatis turpis enim blandit mi in porttitor pede justo eu', 'https://amazonaws.com/montes/nascetur/ridiculus/mus/etiam/vel.jsp?justo=pharetra&maecenas=magna&rhoncus=vestibulum&aliquam=aliquet&lacus=ultrices&morbi=erat&quis=tortor&tortor=sollicitudin&id=mi&nulla=sit&ultrices=amet&aliquet=lobortis&maecenas=sapien&leo=sapien&odio=non&condimentum=mi&id=integer&luctus=ac&nec=neque&molestie=duis&sed=bibendum&justo=morbi&pellentesque=non&viverra=quam&pede=nec&ac=dui&diam=luctus&cras=rutrum&pellentesque=nulla&volutpat=tellus&dui=in&maecenas=sagittis&tristique=dui&est=vel&et=nisl&tempus=duis&semper=ac&est=nibh&quam=fusce&pharetra=lacus&magna=purus&ac=aliquet&consequat=at&metus=feugiat&sapien=non&ut=pretium&nunc=quis&vestibulum=lectus&ante=suspendisse&ipsum=potenti&primis=in&in=eleifend&faucibus=quam&orci=a&luctus=odio&et=in&ultrices=hac&posuere=habitasse&cubilia=platea&curae=dictumst&mauris=maecenas&viverra=ut&diam=massa&vitae=quis&quam=augue&suspendisse=luctus&potenti=tincidunt&nullam=nulla&porttitor=mollis&lacus=molestie&at=lorem&turpis=quisque&donec=ut&posuere=erat&metus=curabitur&vitae=gravida&ipsum=nisi&aliquam=at&non=nibh', 25, 12, 19);
insert into animal (id, adoption_date, age, care_info, gender, name, story, tumblr, weight, breed_id, user_id) values (72, '2/21/2016', 14, 'felis fusce posuere felis sed lacus morbi sem mauris laoreet ut', 'Male', 'Jason', 'a feugiat et eros vestibulum ac est lacinia nisi venenatis tristique', 'https://pcworld.com/iaculis/justo/in/hac/habitasse/platea/dictumst.jpg?non=velit&lectus=vivamus&aliquam=vel&sit=nulla&amet=eget&diam=eros&in=elementum&magna=pellentesque&bibendum=quisque&imperdiet=porta&nullam=volutpat&orci=erat&pede=quisque&venenatis=erat&non=eros&sodales=viverra&sed=eget&tincidunt=congue&eu=eget&felis=semper&fusce=rutrum&posuere=nulla&felis=nunc&sed=purus&lacus=phasellus&morbi=in&sem=felis&mauris=donec&laoreet=semper&ut=sapien&rhoncus=a&aliquet=libero&pulvinar=nam&sed=dui&nisl=proin&nunc=leo&rhoncus=odio&dui=porttitor&vel=id&sem=consequat&sed=in&sagittis=consequat&nam=ut&congue=nulla&risus=sed&semper=accumsan', 14, 2, 36);
insert into animal (id, adoption_date, age, care_info, gender, name, story, tumblr, weight, breed_id, user_id) values (73, '2/2/2016', 12, 'mauris eget massa tempor convallis nulla neque libero convallis eget eleifend luctus', 'Female', 'Lois', 'nulla ut erat id mauris vulputate elementum nullam varius nulla facilisi cras non velit', 'http://ycombinator.com/tortor/quis/turpis/sed/ante.jsp?pede=velit&justo=id&lacinia=pretium&eget=iaculis&tincidunt=diam&eget=erat&tempus=fermentum&vel=justo&pede=nec&morbi=condimentum&porttitor=neque&lorem=sapien&id=placerat&ligula=ante&suspendisse=nulla&ornare=justo&consequat=aliquam&lectus=quis&in=turpis&est=eget&risus=elit&auctor=sodales&sed=scelerisque&tristique=mauris&in=sit&tempus=amet&sit=eros&amet=suspendisse&sem=accumsan&fusce=tortor&consequat=quis&nulla=turpis&nisl=sed&nunc=ante&nisl=vivamus&duis=tortor&bibendum=duis&felis=mattis&sed=egestas&interdum=metus&venenatis=aenean&turpis=fermentum&enim=donec&blandit=ut&mi=mauris&in=eget&porttitor=massa&pede=tempor&justo=convallis&eu=nulla&massa=neque&donec=libero&dapibus=convallis&duis=eget&at=eleifend&velit=luctus&eu=ultricies&est=eu&congue=nibh&elementum=quisque&in=id&hac=justo&habitasse=sit&platea=amet&dictumst=sapien&morbi=dignissim&vestibulum=vestibulum&velit=vestibulum&id=ante&pretium=ipsum&iaculis=primis&diam=in&erat=faucibus&fermentum=orci&justo=luctus&nec=et&condimentum=ultrices&neque=posuere&sapien=cubilia&placerat=curae&ante=nulla&nulla=dapibus&justo=dolor&aliquam=vel&quis=est&turpis=donec&eget=odio', 41, 8, 51);
insert into animal (id, adoption_date, age, care_info, gender, name, story, tumblr, weight, breed_id, user_id) values (74, '10/11/2015', 9, 'turpis adipiscing lorem vitae mattis nibh ligula nec sem duis aliquam convallis nunc', 'Female', 'Margaret', 'est quam pharetra magna ac consequat metus sapien ut nunc', 'https://telegraph.co.uk/odio/condimentum/id/luctus.png?in=turpis&sapien=donec&iaculis=posuere&congue=metus&vivamus=vitae&metus=ipsum&arcu=aliquam&adipiscing=non&molestie=mauris&hendrerit=morbi&at=non&vulputate=lectus&vitae=aliquam&nisl=sit&aenean=amet&lectus=diam&pellentesque=in&eget=magna&nunc=bibendum&donec=imperdiet&quis=nullam&orci=orci', 48, 11, 65);
insert into animal (id, adoption_date, age, care_info, gender, name, story, tumblr, weight, breed_id, user_id) values (75, '9/3/2016', 14, 'libero non mattis pulvinar nulla pede ullamcorper augue a suscipit nulla elit ac nulla sed vel enim sit', 'Male', 'Bruce', 'congue risus semper porta volutpat quam pede lobortis ligula sit amet eleifend pede libero quis', 'https://thetimes.co.uk/nullam/sit.xml?erat=aliquet&fermentum=ultrices&justo=erat&nec=tortor&condimentum=sollicitudin&neque=mi&sapien=sit&placerat=amet&ante=lobortis&nulla=sapien&justo=sapien', 52, 8, 58);
insert into animal (id, adoption_date, age, care_info, gender, name, story, tumblr, weight, breed_id, user_id) values (76, '8/20/2016', 11, 'morbi a ipsum integer a nibh in quis justo maecenas rhoncus aliquam lacus morbi quis tortor id nulla', 'Female', 'Judy', 'volutpat dui maecenas tristique est et tempus semper est quam pharetra magna ac', 'https://nsw.gov.au/in/felis.json?donec=viverra&vitae=diam&nisi=vitae&nam=quam&ultrices=suspendisse&libero=potenti&non=nullam&mattis=porttitor&pulvinar=lacus&nulla=at&pede=turpis&ullamcorper=donec&augue=posuere&a=metus&suscipit=vitae&nulla=ipsum&elit=aliquam&ac=non&nulla=mauris&sed=morbi&vel=non&enim=lectus&sit=aliquam&amet=sit&nunc=amet&viverra=diam&dapibus=in&nulla=magna&suscipit=bibendum&ligula=imperdiet&in=nullam&lacus=orci&curabitur=pede&at=venenatis&ipsum=non&ac=sodales&tellus=sed&semper=tincidunt&interdum=eu&mauris=felis&ullamcorper=fusce&purus=posuere&sit=felis&amet=sed&nulla=lacus&quisque=morbi&arcu=sem&libero=mauris&rutrum=laoreet&ac=ut&lobortis=rhoncus&vel=aliquet&dapibus=pulvinar', 55, 10, 16);
insert into animal (id, adoption_date, age, care_info, gender, name, story, tumblr, weight, breed_id, user_id) values (77, '2/10/2016', 15, 'cubilia curae nulla dapibus dolor vel est donec odio justo sollicitudin ut suscipit a feugiat et', 'Male', 'Phillip', 'at lorem integer tincidunt ante vel ipsum praesent blandit lacinia erat vestibulum sed magna at nunc', 'https://foxnews.com/vestibulum.html?porta=turpis&volutpat=nec&quam=euismod&pede=scelerisque&lobortis=quam&ligula=turpis&sit=adipiscing&amet=lorem&eleifend=vitae&pede=mattis&libero=nibh&quis=ligula&orci=nec&nullam=sem&molestie=duis&nibh=aliquam&in=convallis&lectus=nunc&pellentesque=proin&at=at&nulla=turpis&suspendisse=a&potenti=pede&cras=posuere&in=nonummy&purus=integer&eu=non&magna=velit&vulputate=donec&luctus=diam&cum=neque&sociis=vestibulum&natoque=eget&penatibus=vulputate&et=ut&magnis=ultrices&dis=vel&parturient=augue&montes=vestibulum&nascetur=ante&ridiculus=ipsum&mus=primis&vivamus=in&vestibulum=faucibus&sagittis=orci&sapien=luctus&cum=et&sociis=ultrices&natoque=posuere&penatibus=cubilia&et=curae&magnis=donec&dis=pharetra&parturient=magna&montes=vestibulum&nascetur=aliquet&ridiculus=ultrices&mus=erat&etiam=tortor&vel=sollicitudin&augue=mi&vestibulum=sit&rutrum=amet&rutrum=lobortis&neque=sapien&aenean=sapien&auctor=non&gravida=mi&sem=integer&praesent=ac&id=neque&massa=duis&id=bibendum&nisl=morbi&venenatis=non&lacinia=quam&aenean=nec&sit=dui&amet=luctus&justo=rutrum&morbi=nulla&ut=tellus&odio=in', 52, 10, 26);
insert into animal (id, adoption_date, age, care_info, gender, name, story, tumblr, weight, breed_id, user_id) values (78, '9/13/2016', 3, 'quisque id justo sit amet sapien dignissim vestibulum vestibulum ante ipsum primis in faucibus orci luctus et ultrices posuere', 'Male', 'Jerry', 'posuere cubilia curae mauris viverra diam vitae quam suspendisse potenti nullam porttitor lacus at turpis donec', 'http://china.com.cn/integer/tincidunt/ante/vel/ipsum/praesent/blandit.json?vehicula=curae&consequat=mauris&morbi=viverra&a=diam&ipsum=vitae&integer=quam&a=suspendisse&nibh=potenti&in=nullam&quis=porttitor&justo=lacus&maecenas=at&rhoncus=turpis&aliquam=donec&lacus=posuere&morbi=metus&quis=vitae&tortor=ipsum&id=aliquam&nulla=non&ultrices=mauris&aliquet=morbi&maecenas=non&leo=lectus&odio=aliquam&condimentum=sit&id=amet&luctus=diam&nec=in&molestie=magna&sed=bibendum&justo=imperdiet&pellentesque=nullam&viverra=orci&pede=pede&ac=venenatis&diam=non&cras=sodales&pellentesque=sed&volutpat=tincidunt&dui=eu&maecenas=felis&tristique=fusce&est=posuere&et=felis&tempus=sed&semper=lacus&est=morbi&quam=sem&pharetra=mauris&magna=laoreet&ac=ut&consequat=rhoncus&metus=aliquet&sapien=pulvinar&ut=sed&nunc=nisl&vestibulum=nunc&ante=rhoncus&ipsum=dui&primis=vel&in=sem&faucibus=sed&orci=sagittis&luctus=nam&et=congue&ultrices=risus&posuere=semper&cubilia=porta&curae=volutpat&mauris=quam&viverra=pede&diam=lobortis&vitae=ligula&quam=sit&suspendisse=amet&potenti=eleifend&nullam=pede&porttitor=libero&lacus=quis', 54, 12, 41);
insert into animal (id, adoption_date, age, care_info, gender, name, story, tumblr, weight, breed_id, user_id) values (79, '6/12/2016', 6, 'leo odio porttitor id consequat in consequat ut nulla sed', 'Male', 'Albert', 'non mattis pulvinar nulla pede ullamcorper augue a suscipit nulla elit ac nulla', 'http://bbc.co.uk/quisque/porta/volutpat/erat.js?rhoncus=pretium&dui=iaculis&vel=justo&sem=in&sed=hac&sagittis=habitasse&nam=platea&congue=dictumst&risus=etiam&semper=faucibus&porta=cursus&volutpat=urna&quam=ut&pede=tellus&lobortis=nulla&ligula=ut&sit=erat&amet=id&eleifend=mauris&pede=vulputate&libero=elementum&quis=nullam&orci=varius&nullam=nulla&molestie=facilisi&nibh=cras&in=non&lectus=velit&pellentesque=nec&at=nisi&nulla=vulputate&suspendisse=nonummy&potenti=maecenas&cras=tincidunt&in=lacus&purus=at&eu=velit&magna=vivamus&vulputate=vel&luctus=nulla&cum=eget&sociis=eros&natoque=elementum&penatibus=pellentesque&et=quisque&magnis=porta&dis=volutpat&parturient=erat&montes=quisque&nascetur=erat&ridiculus=eros&mus=viverra', 34, 3, 21);
insert into animal (id, adoption_date, age, care_info, gender, name, story, tumblr, weight, breed_id, user_id) values (80, '6/12/2016', 11, 'accumsan tortor quis turpis sed ante vivamus tortor duis mattis egestas metus aenean fermentum donec ut mauris eget massa', 'Male', 'Gerald', 'aliquam erat volutpat in congue etiam justo etiam pretium iaculis justo in hac habitasse platea dictumst etiam', 'http://imdb.com/diam/nam/tristique.js?mus=dolor&vivamus=quis&vestibulum=odio&sagittis=consequat&sapien=varius&cum=integer&sociis=ac&natoque=leo&penatibus=pellentesque&et=ultrices&magnis=mattis&dis=odio&parturient=donec&montes=vitae&nascetur=nisi&ridiculus=nam&mus=ultrices&etiam=libero&vel=non&augue=mattis&vestibulum=pulvinar&rutrum=nulla&rutrum=pede&neque=ullamcorper&aenean=augue&auctor=a&gravida=suscipit&sem=nulla&praesent=elit&id=ac&massa=nulla&id=sed&nisl=vel&venenatis=enim&lacinia=sit&aenean=amet&sit=nunc&amet=viverra&justo=dapibus&morbi=nulla&ut=suscipit&odio=ligula&cras=in&mi=lacus&pede=curabitur&malesuada=at&in=ipsum&imperdiet=ac&et=tellus&commodo=semper&vulputate=interdum&justo=mauris&in=ullamcorper&blandit=purus&ultrices=sit&enim=amet&lorem=nulla&ipsum=quisque&dolor=arcu&sit=libero', 4, 2, 71);
insert into animal (id, adoption_date, age, care_info, gender, name, story, tumblr, weight, breed_id, user_id) values (81, '8/9/2016', 7, 'ultrices posuere cubilia curae mauris viverra diam vitae quam suspendisse', 'Male', 'Joseph', 'eu magna vulputate luctus cum sociis natoque penatibus et magnis dis parturient montes nascetur ridiculus mus vivamus', 'https://storify.com/dictumst/etiam/faucibus/cursus.jsp?maecenas=felis&leo=sed&odio=lacus&condimentum=morbi&id=sem&luctus=mauris&nec=laoreet&molestie=ut&sed=rhoncus&justo=aliquet&pellentesque=pulvinar&viverra=sed&pede=nisl&ac=nunc&diam=rhoncus&cras=dui&pellentesque=vel&volutpat=sem&dui=sed&maecenas=sagittis&tristique=nam&est=congue&et=risus&tempus=semper&semper=porta&est=volutpat&quam=quam&pharetra=pede&magna=lobortis&ac=ligula&consequat=sit&metus=amet&sapien=eleifend&ut=pede&nunc=libero&vestibulum=quis&ante=orci&ipsum=nullam&primis=molestie&in=nibh&faucibus=in&orci=lectus&luctus=pellentesque&et=at&ultrices=nulla&posuere=suspendisse&cubilia=potenti&curae=cras&mauris=in&viverra=purus&diam=eu&vitae=magna&quam=vulputate&suspendisse=luctus&potenti=cum&nullam=sociis&porttitor=natoque&lacus=penatibus&at=et&turpis=magnis&donec=dis&posuere=parturient&metus=montes&vitae=nascetur&ipsum=ridiculus&aliquam=mus&non=vivamus&mauris=vestibulum&morbi=sagittis&non=sapien&lectus=cum&aliquam=sociis&sit=natoque&amet=penatibus&diam=et&in=magnis&magna=dis&bibendum=parturient&imperdiet=montes&nullam=nascetur&orci=ridiculus&pede=mus&venenatis=etiam&non=vel&sodales=augue&sed=vestibulum&tincidunt=rutrum', 42, 3, 18);
insert into animal (id, adoption_date, age, care_info, gender, name, story, tumblr, weight, breed_id, user_id) values (82, '5/1/2016', 4, 'metus vitae ipsum aliquam non mauris morbi non lectus aliquam sit amet diam in', 'Male', 'Raymond', 'vulputate nonummy maecenas tincidunt lacus at velit vivamus vel nulla eget eros elementum', 'https://naver.com/justo/aliquam/quis/turpis/eget.jpg?tempus=sollicitudin&sit=ut&amet=suscipit&sem=a&fusce=feugiat&consequat=et&nulla=eros&nisl=vestibulum&nunc=ac&nisl=est&duis=lacinia&bibendum=nisi&felis=venenatis&sed=tristique&interdum=fusce&venenatis=congue&turpis=diam&enim=id&blandit=ornare&mi=imperdiet&in=sapien&porttitor=urna&pede=pretium&justo=nisl&eu=ut&massa=volutpat&donec=sapien&dapibus=arcu&duis=sed&at=augue&velit=aliquam&eu=erat&est=volutpat&congue=in&elementum=congue&in=etiam&hac=justo&habitasse=etiam&platea=pretium&dictumst=iaculis&morbi=justo&vestibulum=in&velit=hac&id=habitasse&pretium=platea&iaculis=dictumst&diam=etiam&erat=faucibus&fermentum=cursus&justo=urna&nec=ut&condimentum=tellus&neque=nulla&sapien=ut&placerat=erat&ante=id&nulla=mauris&justo=vulputate&aliquam=elementum&quis=nullam&turpis=varius&eget=nulla&elit=facilisi&sodales=cras&scelerisque=non&mauris=velit&sit=nec', 72, 11, 30);
insert into animal (id, adoption_date, age, care_info, gender, name, story, tumblr, weight, breed_id, user_id) values (83, '9/1/2016', 12, 'habitasse platea dictumst aliquam augue quam sollicitudin vitae consectetuer eget rutrum at lorem integer tincidunt ante vel ipsum praesent blandit', 'Female', 'Catherine', 'vestibulum aliquet ultrices erat tortor sollicitudin mi sit amet lobortis sapien sapien non mi integer ac neque', 'http://businessinsider.com/dis.aspx?in=consequat&consequat=nulla&ut=nisl&nulla=nunc&sed=nisl&accumsan=duis&felis=bibendum&ut=felis&at=sed&dolor=interdum&quis=venenatis&odio=turpis&consequat=enim&varius=blandit&integer=mi&ac=in&leo=porttitor&pellentesque=pede&ultrices=justo&mattis=eu&odio=massa&donec=donec&vitae=dapibus&nisi=duis&nam=at&ultrices=velit&libero=eu&non=est&mattis=congue&pulvinar=elementum&nulla=in&pede=hac&ullamcorper=habitasse&augue=platea&a=dictumst&suscipit=morbi&nulla=vestibulum&elit=velit&ac=id&nulla=pretium&sed=iaculis&vel=diam&enim=erat&sit=fermentum&amet=justo&nunc=nec&viverra=condimentum&dapibus=neque&nulla=sapien&suscipit=placerat&ligula=ante&in=nulla&lacus=justo&curabitur=aliquam&at=quis&ipsum=turpis&ac=eget&tellus=elit&semper=sodales&interdum=scelerisque&mauris=mauris&ullamcorper=sit&purus=amet&sit=eros&amet=suspendisse&nulla=accumsan&quisque=tortor&arcu=quis&libero=turpis&rutrum=sed&ac=ante', 1, 7, 49);
insert into animal (id, adoption_date, age, care_info, gender, name, story, tumblr, weight, breed_id, user_id) values (84, '5/13/2016', 3, 'dis parturient montes nascetur ridiculus mus etiam vel augue vestibulum rutrum rutrum neque aenean auctor gravida sem praesent id massa', 'Male', 'Lawrence', 'a odio in hac habitasse platea dictumst maecenas ut massa quis', 'https://miitbeian.gov.cn/dapibus/nulla/suscipit/ligula/in/lacus/curabitur.png?laoreet=suscipit&ut=a&rhoncus=feugiat&aliquet=et&pulvinar=eros&sed=vestibulum&nisl=ac&nunc=est&rhoncus=lacinia&dui=nisi&vel=venenatis&sem=tristique&sed=fusce&sagittis=congue&nam=diam&congue=id&risus=ornare&semper=imperdiet&porta=sapien&volutpat=urna&quam=pretium&pede=nisl&lobortis=ut&ligula=volutpat&sit=sapien&amet=arcu&eleifend=sed&pede=augue&libero=aliquam&quis=erat&orci=volutpat&nullam=in&molestie=congue&nibh=etiam&in=justo&lectus=etiam&pellentesque=pretium&at=iaculis&nulla=justo&suspendisse=in&potenti=hac&cras=habitasse&in=platea&purus=dictumst&eu=etiam&magna=faucibus&vulputate=cursus&luctus=urna&cum=ut&sociis=tellus&natoque=nulla&penatibus=ut&et=erat&magnis=id&dis=mauris', 66, 7, 32);
insert into animal (id, adoption_date, age, care_info, gender, name, story, tumblr, weight, breed_id, user_id) values (85, '11/23/2015', 12, 'tempor turpis nec euismod scelerisque quam turpis adipiscing lorem vitae mattis nibh ligula nec sem duis', 'Male', 'Gregory', 'porta volutpat quam pede lobortis ligula sit amet eleifend pede libero quis orci nullam molestie nibh in lectus', 'http://cyberchimps.com/volutpat/quam/pede.jpg?tortor=potenti&quis=cras&turpis=in&sed=purus&ante=eu&vivamus=magna&tortor=vulputate&duis=luctus&mattis=cum&egestas=sociis&metus=natoque&aenean=penatibus&fermentum=et&donec=magnis&ut=dis&mauris=parturient&eget=montes&massa=nascetur&tempor=ridiculus&convallis=mus&nulla=vivamus&neque=vestibulum&libero=sagittis&convallis=sapien&eget=cum&eleifend=sociis&luctus=natoque&ultricies=penatibus&eu=et&nibh=magnis&quisque=dis&id=parturient&justo=montes&sit=nascetur&amet=ridiculus&sapien=mus&dignissim=etiam&vestibulum=vel&vestibulum=augue&ante=vestibulum&ipsum=rutrum&primis=rutrum&in=neque&faucibus=aenean&orci=auctor&luctus=gravida&et=sem&ultrices=praesent&posuere=id&cubilia=massa&curae=id&nulla=nisl&dapibus=venenatis&dolor=lacinia&vel=aenean&est=sit&donec=amet&odio=justo&justo=morbi&sollicitudin=ut&ut=odio&suscipit=cras&a=mi&feugiat=pede&et=malesuada&eros=in&vestibulum=imperdiet&ac=et&est=commodo&lacinia=vulputate&nisi=justo&venenatis=in&tristique=blandit&fusce=ultrices&congue=enim&diam=lorem&id=ipsum&ornare=dolor&imperdiet=sit&sapien=amet&urna=consectetuer&pretium=adipiscing&nisl=elit', 74, 7, 75);
insert into animal (id, adoption_date, age, care_info, gender, name, story, tumblr, weight, breed_id, user_id) values (86, '7/30/2016', 0, 'eget elit sodales scelerisque mauris sit amet eros suspendisse accumsan tortor quis turpis sed ante vivamus', 'Female', 'Amanda', 'at turpis donec posuere metus vitae ipsum aliquam non mauris morbi non lectus aliquam sit amet diam', 'http://jiathis.com/at/turpis/donec/posuere.json?ultrices=sapien&posuere=varius&cubilia=ut&curae=blandit&duis=non&faucibus=interdum&accumsan=in&odio=ante&curabitur=vestibulum&convallis=ante&duis=ipsum&consequat=primis&dui=in&nec=faucibus&nisi=orci&volutpat=luctus&eleifend=et&donec=ultrices&ut=posuere&dolor=cubilia&morbi=curae&vel=duis&lectus=faucibus&in=accumsan&quam=odio&fringilla=curabitur&rhoncus=convallis&mauris=duis&enim=consequat&leo=dui&rhoncus=nec&sed=nisi&vestibulum=volutpat&sit=eleifend&amet=donec&cursus=ut&id=dolor&turpis=morbi&integer=vel&aliquet=lectus&massa=in&id=quam&lobortis=fringilla&convallis=rhoncus', 6, 10, 13);
insert into animal (id, adoption_date, age, care_info, gender, name, story, tumblr, weight, breed_id, user_id) values (87, '9/1/2016', 9, 'curabitur gravida nisi at nibh in hac habitasse platea dictumst aliquam', 'Female', 'Ruth', 'aliquet at feugiat non pretium quis lectus suspendisse potenti in eleifend quam a odio in hac habitasse', 'http://guardian.co.uk/curabitur/in/libero/ut/massa/volutpat.js?vestibulum=sit&vestibulum=amet&ante=turpis&ipsum=elementum&primis=ligula&in=vehicula&faucibus=consequat&orci=morbi&luctus=a&et=ipsum&ultrices=integer&posuere=a&cubilia=nibh&curae=in&nulla=quis&dapibus=justo&dolor=maecenas&vel=rhoncus&est=aliquam&donec=lacus&odio=morbi&justo=quis&sollicitudin=tortor&ut=id&suscipit=nulla&a=ultrices&feugiat=aliquet&et=maecenas&eros=leo&vestibulum=odio&ac=condimentum&est=id&lacinia=luctus&nisi=nec&venenatis=molestie&tristique=sed&fusce=justo&congue=pellentesque&diam=viverra&id=pede&ornare=ac&imperdiet=diam&sapien=cras&urna=pellentesque&pretium=volutpat&nisl=dui', 38, 6, 33);
insert into animal (id, adoption_date, age, care_info, gender, name, story, tumblr, weight, breed_id, user_id) values (88, '7/3/2016', 1, 'id turpis integer aliquet massa id lobortis convallis tortor risus dapibus augue vel accumsan tellus nisi eu orci mauris lacinia', 'Male', 'Terry', 'morbi quis tortor id nulla ultrices aliquet maecenas leo odio condimentum', 'https://fema.gov/lacinia/sapien/quis/libero/nullam/sit.png?platea=erat&dictumst=id&maecenas=mauris&ut=vulputate&massa=elementum&quis=nullam&augue=varius&luctus=nulla&tincidunt=facilisi&nulla=cras&mollis=non&molestie=velit&lorem=nec&quisque=nisi&ut=vulputate&erat=nonummy&curabitur=maecenas&gravida=tincidunt&nisi=lacus&at=at&nibh=velit&in=vivamus&hac=vel&habitasse=nulla&platea=eget&dictumst=eros&aliquam=elementum&augue=pellentesque&quam=quisque&sollicitudin=porta&vitae=volutpat&consectetuer=erat&eget=quisque&rutrum=erat&at=eros&lorem=viverra&integer=eget&tincidunt=congue&ante=eget&vel=semper&ipsum=rutrum&praesent=nulla&blandit=nunc&lacinia=purus&erat=phasellus&vestibulum=in&sed=felis&magna=donec&at=semper&nunc=sapien&commodo=a&placerat=libero&praesent=nam&blandit=dui&nam=proin&nulla=leo&integer=odio&pede=porttitor&justo=id&lacinia=consequat&eget=in&tincidunt=consequat&eget=ut&tempus=nulla&vel=sed&pede=accumsan&morbi=felis&porttitor=ut&lorem=at&id=dolor&ligula=quis&suspendisse=odio&ornare=consequat&consequat=varius&lectus=integer&in=ac&est=leo&risus=pellentesque&auctor=ultrices&sed=mattis&tristique=odio&in=donec&tempus=vitae', 57, 12, 21);
insert into animal (id, adoption_date, age, care_info, gender, name, story, tumblr, weight, breed_id, user_id) values (89, '7/21/2016', 14, 'interdum eu tincidunt in leo maecenas pulvinar lobortis est phasellus sit amet erat', 'Female', 'Cynthia', 'libero quis orci nullam molestie nibh in lectus pellentesque at', 'https://boston.com/sagittis/nam/congue/risus/semper/porta/volutpat.jsp?ipsum=integer&dolor=a&sit=nibh&amet=in&consectetuer=quis&adipiscing=justo&elit=maecenas&proin=rhoncus&interdum=aliquam&mauris=lacus&non=morbi&ligula=quis&pellentesque=tortor&ultrices=id&phasellus=nulla&id=ultrices&sapien=aliquet&in=maecenas&sapien=leo&iaculis=odio&congue=condimentum&vivamus=id&metus=luctus&arcu=nec&adipiscing=molestie&molestie=sed&hendrerit=justo&at=pellentesque&vulputate=viverra', 34, 2, 11);
insert into animal (id, adoption_date, age, care_info, gender, name, story, tumblr, weight, breed_id, user_id) values (90, '9/20/2016', 0, 'vestibulum ac est lacinia nisi venenatis tristique fusce congue diam id ornare imperdiet sapien', 'Female', 'Nicole', 'vestibulum ante ipsum primis in faucibus orci luctus et ultrices posuere cubilia curae duis faucibus', 'https://gravatar.com/ultrices/vel.js?quis=proin&libero=risus&nullam=praesent&sit=lectus&amet=vestibulum&turpis=quam&elementum=sapien&ligula=varius&vehicula=ut&consequat=blandit', 75, 1, 24);
insert into animal (id, adoption_date, age, care_info, gender, name, story, tumblr, weight, breed_id, user_id) values (91, '3/10/2016', 2, 'lacus at velit vivamus vel nulla eget eros elementum pellentesque quisque porta volutpat erat quisque erat eros viverra eget congue', 'Female', 'Sandra', 'pretium iaculis diam erat fermentum justo nec condimentum neque sapien placerat ante nulla justo aliquam', 'http://chron.com/turpis/eget/elit/sodales.aspx?ut=hac&erat=habitasse&id=platea&mauris=dictumst&vulputate=etiam&elementum=faucibus&nullam=cursus&varius=urna&nulla=ut&facilisi=tellus&cras=nulla&non=ut&velit=erat&nec=id&nisi=mauris&vulputate=vulputate&nonummy=elementum&maecenas=nullam&tincidunt=varius&lacus=nulla&at=facilisi&velit=cras&vivamus=non&vel=velit&nulla=nec&eget=nisi&eros=vulputate&elementum=nonummy&pellentesque=maecenas&quisque=tincidunt&porta=lacus&volutpat=at&erat=velit&quisque=vivamus&erat=vel&eros=nulla&viverra=eget&eget=eros&congue=elementum&eget=pellentesque&semper=quisque&rutrum=porta&nulla=volutpat&nunc=erat&purus=quisque&phasellus=erat&in=eros&felis=viverra&donec=eget&semper=congue&sapien=eget&a=semper', 23, 8, 44);
insert into animal (id, adoption_date, age, care_info, gender, name, story, tumblr, weight, breed_id, user_id) values (92, '6/28/2016', 4, 'eget elit sodales scelerisque mauris sit amet eros suspendisse accumsan tortor quis turpis', 'Female', 'Julie', 'ligula vehicula consequat morbi a ipsum integer a nibh in quis justo maecenas', 'http://woothemes.com/in/hac/habitasse/platea.jsp?in=quam&blandit=fringilla&ultrices=rhoncus&enim=mauris&lorem=enim&ipsum=leo&dolor=rhoncus&sit=sed&amet=vestibulum&consectetuer=sit&adipiscing=amet&elit=cursus&proin=id&interdum=turpis&mauris=integer&non=aliquet&ligula=massa&pellentesque=id&ultrices=lobortis&phasellus=convallis&id=tortor&sapien=risus&in=dapibus&sapien=augue&iaculis=vel&congue=accumsan&vivamus=tellus&metus=nisi&arcu=eu&adipiscing=orci&molestie=mauris&hendrerit=lacinia&at=sapien&vulputate=quis&vitae=libero&nisl=nullam&aenean=sit&lectus=amet&pellentesque=turpis&eget=elementum&nunc=ligula&donec=vehicula&quis=consequat&orci=morbi&eget=a&orci=ipsum&vehicula=integer&condimentum=a&curabitur=nibh&in=in&libero=quis&ut=justo&massa=maecenas&volutpat=rhoncus&convallis=aliquam&morbi=lacus&odio=morbi&odio=quis&elementum=tortor&eu=id&interdum=nulla&eu=ultrices&tincidunt=aliquet&in=maecenas&leo=leo&maecenas=odio&pulvinar=condimentum&lobortis=id&est=luctus&phasellus=nec&sit=molestie&amet=sed&erat=justo&nulla=pellentesque&tempus=viverra&vivamus=pede&in=ac&felis=diam&eu=cras&sapien=pellentesque&cursus=volutpat&vestibulum=dui&proin=maecenas&eu=tristique&mi=est&nulla=et&ac=tempus&enim=semper&in=est&tempor=quam&turpis=pharetra&nec=magna&euismod=ac&scelerisque=consequat&quam=metus&turpis=sapien', 50, 9, 9);
insert into animal (id, adoption_date, age, care_info, gender, name, story, tumblr, weight, breed_id, user_id) values (93, '10/6/2015', 14, 'posuere cubilia curae nulla dapibus dolor vel est donec odio justo sollicitudin', 'Male', 'Arthur', 'nisi volutpat eleifend donec ut dolor morbi vel lectus in', 'http://pen.io/sit/amet/justo/morbi/ut/odio/cras.aspx?dui=eu&vel=massa', 31, 11, 57);
insert into animal (id, adoption_date, age, care_info, gender, name, story, tumblr, weight, breed_id, user_id) values (94, '5/3/2016', 3, 'mi sit amet lobortis sapien sapien non mi integer ac neque', 'Female', 'Norma', 'convallis nulla neque libero convallis eget eleifend luctus ultricies eu nibh quisque id justo sit', 'https://arstechnica.com/id/luctus/nec/molestie/sed/justo.jpg?platea=est&dictumst=et&etiam=tempus&faucibus=semper&cursus=est&urna=quam&ut=pharetra&tellus=magna&nulla=ac&ut=consequat&erat=metus&id=sapien&mauris=ut&vulputate=nunc&elementum=vestibulum&nullam=ante&varius=ipsum&nulla=primis&facilisi=in&cras=faucibus&non=orci&velit=luctus&nec=et&nisi=ultrices&vulputate=posuere&nonummy=cubilia&maecenas=curae&tincidunt=mauris&lacus=viverra&at=diam&velit=vitae&vivamus=quam&vel=suspendisse&nulla=potenti&eget=nullam&eros=porttitor&elementum=lacus&pellentesque=at&quisque=turpis&porta=donec&volutpat=posuere&erat=metus&quisque=vitae&erat=ipsum&eros=aliquam&viverra=non&eget=mauris&congue=morbi&eget=non&semper=lectus&rutrum=aliquam&nulla=sit&nunc=amet&purus=diam&phasellus=in&in=magna&felis=bibendum&donec=imperdiet&semper=nullam&sapien=orci&a=pede&libero=venenatis&nam=non&dui=sodales&proin=sed&leo=tincidunt&odio=eu&porttitor=felis&id=fusce&consequat=posuere&in=felis&consequat=sed&ut=lacus&nulla=morbi&sed=sem&accumsan=mauris&felis=laoreet&ut=ut&at=rhoncus&dolor=aliquet&quis=pulvinar&odio=sed&consequat=nisl&varius=nunc&integer=rhoncus&ac=dui&leo=vel&pellentesque=sem&ultrices=sed&mattis=sagittis&odio=nam&donec=congue&vitae=risus&nisi=semper', 8, 3, 17);
insert into animal (id, adoption_date, age, care_info, gender, name, story, tumblr, weight, breed_id, user_id) values (95, '12/7/2015', 9, 'at lorem integer tincidunt ante vel ipsum praesent blandit lacinia erat vestibulum', 'Female', 'Kimberly', 'mi integer ac neque duis bibendum morbi non quam nec dui luctus rutrum nulla tellus in sagittis dui', 'http://gov.uk/penatibus/et/magnis/dis/parturient.js?cubilia=consequat&curae=lectus&nulla=in&dapibus=est&dolor=risus&vel=auctor&est=sed&donec=tristique&odio=in&justo=tempus&sollicitudin=sit&ut=amet&suscipit=sem&a=fusce&feugiat=consequat&et=nulla&eros=nisl&vestibulum=nunc&ac=nisl&est=duis&lacinia=bibendum&nisi=felis&venenatis=sed&tristique=interdum&fusce=venenatis&congue=turpis&diam=enim&id=blandit&ornare=mi&imperdiet=in&sapien=porttitor&urna=pede&pretium=justo&nisl=eu&ut=massa&volutpat=donec&sapien=dapibus&arcu=duis&sed=at&augue=velit&aliquam=eu&erat=est&volutpat=congue&in=elementum&congue=in&etiam=hac&justo=habitasse&etiam=platea&pretium=dictumst&iaculis=morbi&justo=vestibulum&in=velit&hac=id&habitasse=pretium&platea=iaculis&dictumst=diam&etiam=erat&faucibus=fermentum&cursus=justo&urna=nec&ut=condimentum&tellus=neque&nulla=sapien&ut=placerat&erat=ante&id=nulla&mauris=justo&vulputate=aliquam&elementum=quis&nullam=turpis&varius=eget&nulla=elit&facilisi=sodales&cras=scelerisque&non=mauris&velit=sit&nec=amet&nisi=eros&vulputate=suspendisse&nonummy=accumsan&maecenas=tortor&tincidunt=quis&lacus=turpis&at=sed&velit=ante&vivamus=vivamus', 53, 12, 57);
insert into animal (id, adoption_date, age, care_info, gender, name, story, tumblr, weight, breed_id, user_id) values (96, '2/13/2016', 3, 'suspendisse potenti in eleifend quam a odio in hac habitasse platea dictumst maecenas', 'Female', 'Stephanie', 'ut mauris eget massa tempor convallis nulla neque libero convallis eget eleifend', 'http://narod.ru/donec/odio/justo/sollicitudin/ut/suscipit.xml?amet=velit&consectetuer=vivamus&adipiscing=vel&elit=nulla&proin=eget&risus=eros&praesent=elementum&lectus=pellentesque&vestibulum=quisque&quam=porta&sapien=volutpat&varius=erat&ut=quisque&blandit=erat&non=eros&interdum=viverra&in=eget&ante=congue&vestibulum=eget&ante=semper&ipsum=rutrum&primis=nulla&in=nunc&faucibus=purus&orci=phasellus&luctus=in&et=felis&ultrices=donec&posuere=semper&cubilia=sapien&curae=a&duis=libero&faucibus=nam&accumsan=dui&odio=proin&curabitur=leo&convallis=odio&duis=porttitor&consequat=id&dui=consequat&nec=in&nisi=consequat&volutpat=ut&eleifend=nulla&donec=sed&ut=accumsan&dolor=felis&morbi=ut&vel=at&lectus=dolor&in=quis&quam=odio&fringilla=consequat&rhoncus=varius&mauris=integer&enim=ac&leo=leo&rhoncus=pellentesque', 6, 11, 58);
insert into animal (id, adoption_date, age, care_info, gender, name, story, tumblr, weight, breed_id, user_id) values (97, '5/7/2016', 4, 'platea dictumst aliquam augue quam sollicitudin vitae consectetuer eget rutrum at lorem', 'Female', 'Alice', 'ut erat id mauris vulputate elementum nullam varius nulla facilisi cras non velit nec nisi vulputate nonummy maecenas', 'http://dion.ne.jp/congue/etiam/justo/etiam/pretium/iaculis.jsp?dui=at&maecenas=dolor&tristique=quis&est=odio&et=consequat&tempus=varius&semper=integer', 45, 3, 15);
insert into animal (id, adoption_date, age, care_info, gender, name, story, tumblr, weight, breed_id, user_id) values (98, '12/9/2015', 1, 'nec euismod scelerisque quam turpis adipiscing lorem vitae mattis nibh ligula', 'Female', 'Lisa', 'fermentum justo nec condimentum neque sapien placerat ante nulla justo aliquam quis turpis eget elit sodales', 'https://scientificamerican.com/est/phasellus/sit.json?porttitor=orci&id=luctus&consequat=et&in=ultrices&consequat=posuere&ut=cubilia&nulla=curae&sed=mauris&accumsan=viverra&felis=diam&ut=vitae&at=quam&dolor=suspendisse&quis=potenti&odio=nullam&consequat=porttitor&varius=lacus&integer=at&ac=turpis&leo=donec&pellentesque=posuere&ultrices=metus&mattis=vitae&odio=ipsum&donec=aliquam&vitae=non&nisi=mauris&nam=morbi&ultrices=non&libero=lectus&non=aliquam&mattis=sit&pulvinar=amet&nulla=diam&pede=in&ullamcorper=magna&augue=bibendum&a=imperdiet&suscipit=nullam&nulla=orci&elit=pede&ac=venenatis&nulla=non&sed=sodales&vel=sed&enim=tincidunt&sit=eu&amet=felis&nunc=fusce&viverra=posuere&dapibus=felis&nulla=sed&suscipit=lacus&ligula=morbi&in=sem&lacus=mauris', 45, 7, 3);
insert into animal (id, adoption_date, age, care_info, gender, name, story, tumblr, weight, breed_id, user_id) values (99, '3/28/2016', 15, 'gravida nisi at nibh in hac habitasse platea dictumst aliquam augue quam sollicitudin vitae consectetuer eget rutrum at', 'Male', 'Russell', 'in consequat ut nulla sed accumsan felis ut at dolor quis odio consequat varius integer ac leo pellentesque ultrices', 'https://rakuten.co.jp/vestibulum/vestibulum/ante/ipsum.png?massa=sapien&id=non&nisl=mi&venenatis=integer&lacinia=ac&aenean=neque&sit=duis&amet=bibendum&justo=morbi&morbi=non&ut=quam&odio=nec&cras=dui&mi=luctus&pede=rutrum&malesuada=nulla&in=tellus&imperdiet=in&et=sagittis&commodo=dui&vulputate=vel&justo=nisl&in=duis&blandit=ac&ultrices=nibh&enim=fusce&lorem=lacus&ipsum=purus&dolor=aliquet&sit=at&amet=feugiat&consectetuer=non&adipiscing=pretium&elit=quis&proin=lectus&interdum=suspendisse&mauris=potenti&non=in&ligula=eleifend&pellentesque=quam&ultrices=a&phasellus=odio&id=in&sapien=hac&in=habitasse&sapien=platea&iaculis=dictumst&congue=maecenas&vivamus=ut&metus=massa&arcu=quis&adipiscing=augue&molestie=luctus&hendrerit=tincidunt&at=nulla&vulputate=mollis&vitae=molestie&nisl=lorem&aenean=quisque&lectus=ut&pellentesque=erat&eget=curabitur&nunc=gravida&donec=nisi&quis=at&orci=nibh&eget=in&orci=hac&vehicula=habitasse&condimentum=platea&curabitur=dictumst&in=aliquam&libero=augue&ut=quam&massa=sollicitudin&volutpat=vitae&convallis=consectetuer&morbi=eget&odio=rutrum&odio=at&elementum=lorem&eu=integer', 70, 8, 27);
insert into animal (id, adoption_date, age, care_info, gender, name, story, tumblr, weight, breed_id, user_id) values (100, '2/22/2016', 5, 'nullam porttitor lacus at turpis donec posuere metus vitae ipsum aliquam', 'Female', 'Sara', 'interdum venenatis turpis enim blandit mi in porttitor pede justo eu massa donec dapibus duis', 'https://vimeo.com/in/congue/etiam/justo/etiam/pretium/iaculis.json?augue=pede&aliquam=posuere&erat=nonummy&volutpat=integer&in=non&congue=velit&etiam=donec&justo=diam&etiam=neque&pretium=vestibulum&iaculis=eget&justo=vulputate&in=ut&hac=ultrices&habitasse=vel&platea=augue&dictumst=vestibulum&etiam=ante&faucibus=ipsum&cursus=primis&urna=in&ut=faucibus&tellus=orci&nulla=luctus&ut=et&erat=ultrices&id=posuere&mauris=cubilia&vulputate=curae&elementum=donec&nullam=pharetra&varius=magna&nulla=vestibulum&facilisi=aliquet&cras=ultrices&non=erat&velit=tortor&nec=sollicitudin&nisi=mi&vulputate=sit&nonummy=amet&maecenas=lobortis&tincidunt=sapien&lacus=sapien&at=non&velit=mi&vivamus=integer&vel=ac&nulla=neque&eget=duis&eros=bibendum&elementum=morbi&pellentesque=non&quisque=quam&porta=nec&volutpat=dui&erat=luctus&quisque=rutrum&erat=nulla&eros=tellus&viverra=in&eget=sagittis&congue=dui&eget=vel&semper=nisl&rutrum=duis&nulla=ac&nunc=nibh&purus=fusce&phasellus=lacus&in=purus&felis=aliquet&donec=at&semper=feugiat&sapien=non&a=pretium&libero=quis&nam=lectus&dui=suspendisse&proin=potenti&leo=in&odio=eleifend&porttitor=quam&id=a&consequat=odio&in=in&consequat=hac&ut=habitasse&nulla=platea&sed=dictumst&accumsan=maecenas&felis=ut&ut=massa&at=quis', 60, 5, 26);
